ASOCIACION,SIGLAS,TIPO,DOMICILIO,CP,PREFIJO,TELEFONO,E-MAIL,DISTRITO, CLASIFICADA EN
ASOCIACION GALLEGA CORREDOR DEL HENARES,,,C/ CAMPO REAL 1 Bº,28806,,670 58 86 67,galiciahenares@hotmail.com,VIII,CASAS REGIONALES
ASOCIACION HOGAR DE AVILA,,,C/ TENIENTE RUIZ 4,28805,91,878 73 87,info@inmoinverhouse.com,VI,CASAS REGIONALES
CASA DE ANDALUCIA DE ALCALA DE HENARES,,,C/ PORTILLA  39  CENTRO COMUNIDADES ,28801,91,889 41 76,,I,CASAS REGIONALES
CASA DE ARAGON DEL HENARES,,,C/ ALALPARDO S/N,28806,91,883 04 44,aragonesesenalcala@hotmail.com,VIII,CASAS REGIONALES
CASA DE ASTURIAS DE ALCALA DE HENARES,,,RONDA DE PESCADERIA 26 CENTRO COMUNIDADES ,28801,91,889 78 21,,I,CASAS REGIONALES
CASA DE SORIA EN ALCALA DE HENARES,,,AVDA COMPLUTENSE 42 LOCAL 30,28805,91,883 18 29 ,,VI,CASAS REGIONALES
CENTRO CASTELLANO LEONES,,,C/ LICENCIADO VIDRIERA S/N CENTRO COMUNIDADES ,28801,91,883 00 88,,I,CASAS REGIONALES
CENTRO CASTILLA - LA MANCHA,,,C/ PORTILLA 41 CENTRO COMUNIDADES ,28801,91,881 73 18,clm-alcala@telefonica.net,I,CASAS REGIONALES
CENTRO EXTREMEÑO,,,RONDA DE PESCADERIA 26 CENTRO COMUNIDADES ,28801,91,889 58 15,cexalcala@bme.es,I,CASAS REGIONALES
AGRUPACION ASTRONOMICA COMPLUTENSE,AAC,astronomía,AVDA VIRGEN DEL VAL 2 ,28804,91,889 66 12,,V,CULTURALES
AGRUPACION DE ZARZUELA ALCALA DE HENARES,,musica,C/ GINER DE LOS RIOS 6 1º,28804,,675 69 51 05,zarzuelaalcaladehenares@hotmail.com,V,CULTURALES
AGUILA BLANCA,,general,PLAZA DEL BARRO 2 3º B,28803,,606 23 77 46,info@aguilablanca.org,III,CULTURALES
ALDEBARAN SOCIAL,,varios,ANDREA DORIA 13 9º B2,28804,,677 63 90 17,aldebaransocial@hotmail.com,V,CULTURALES
ANTIGUAS ALUMNAS FILIPENSES,,educativa,C/ ESCRITORIOS 4-6,28801,91,888 11 87,,I,CULTURALES
ARTE A MANO (ASOCIACION DE ARTESANOS ARTISTAS EN ALCALA),,bellas artes,PLAZA DE LOS IRLANDESES 2 2º A,28801,,654 50 30 37,info@arteamano.net,I,CULTURALES
ASOCIACION AFRICA HERITAGE DE ALCALA,,general,C/ SAN FRUCTUOSO 8 Bº B,28802,,626 80 86 01,stgahdt@yahoo.co.uk,II,CULTURALES
ASOCIACION ALMADINA DE ALCALA DE HENARES,,general,C/ CALASANZ 2,28805,,646 74 61 31,,VI,CULTURALES
ASOCIACION AMANSALVA,,varios,CAMINO DE LA ESGARAVITA 2,28804,,699 16 55 99,asociacionamansalva@gmail.com,V,CULTURALES
ASOCIACION AMANTES IDIOMA CASTELLANO,,general,C/ NAVARRO Y LEDESMA 14 4º C,28807,91,882 73 27,,VII,CULTURALES
ASOCIACION ANIMACION Y PROMOCION SOCIOCULTURAL HENAR,,general,AVDA VIRGEN DEL VAL 2 ,28804,91,889 66 12,asociacion.henar@gmail.com,V,CULTURALES
ASOCIACION COLECTIVO ESCENICO LEGOLAS,,teatro,C/ RONDA PADRE SOLER 25 PORTAL 2 5º A,28806,,630 58 66 29,legolas@legolas.com.es,VIII,CULTURALES
ASOCIACION COLECTIVO ESCENICO LEGOLAS,,general,C/ RONDA PADRE SOLER 25 PORTAL 2 5º A,28806,,630 58 66 29,legolas@legolas.com.es,VIII,CULTURALES
ASOCIACION COMPLUTENSE DE BELENISTAS,,varios,C/ DAOIZ Y VELARDE 9,28807,91,888 74 91,,VII,CULTURALES
ASOCIACION COMPLUTENSE DE FARMACIA HOSPITALARIA,,educativa,SERVICIO DE FARMAC DEL HOSP PCPE DE ASTURIAS CTRA DE ALCALA MECO S/N,28805,91,887 81 15,mluque.hupa@salud.madrid.org,V,CULTURALES
ASOCIACION COMPLUTENSE DE INVESTIGACIONES SOCIOECONOMICAS SOBRE AMERICA LATINA,ACISAL,general,SANTA URSULA 1 ATICO ,28801,,639 14 98 91,manuel.casado@telefonica.net,I,CULTURALES
ASOCIACION CULTURAL A DERRADEIRA,,música,C/ CAMILO JOSE CELA 102  B 1,28806,,687 96 94 17,aderradeira@wanadoo.es,VIII,CULTURALES
ASOCIACION CULTURAL ALCALA PATRIMONIO DE LA HUMANIDAD,,varios,C/ LUGO 11 6º C,28804,91,889 38 42,correonieves@hotmail.com,V,CULTURALES
ASOCIACION CULTURAL ARGOS TEATRO,,teatro,C/ BARTOLOME DE CASTRO 11 4º A,28802,91,280 73 42,tfendarg@hotmail.com,II,CULTURALES
ASOCIACION CULTURAL ATENEAS,,general,C/ LUGO 7 3º D,28804,,636 01 77 96,atenearosa@hotmail.com,V,CULTURALES
ASOCIACION CULTURAL BALLET ALBENIZ,,danza,C/ RIBERA 16,28805,,649 85 01 06,pepevento@balletalbeniz.com,V,CULTURALES
ASOCIACION CULTURAL CIRCULO DE INSERGARD,,varios,C/ MURANO 8 6º A,28804,,,,IV,CULTURALES
ASOCIACION CULTURAL COMPLUTENSE DE DANZA,,danza,AVDA REYES CATOLICOS 28 2º B,28802,,626 71 45 25,danza_complutense@hotmail.com,II,CULTURALES
ASOCIACION CULTURAL CUARTETO DE PLECTRO ASSAI,,música,AVDA REYES CATOLICOS 14 Bº D,28802,91,802 73 19,assai@mundivia.es,II,CULTURALES
ASOCIACION CULTURAL DE AJEDREZ MUNICIPAL DE ALCALA,,varios,AVDA VIRGEN DEL VAL 2,28804,91,889 66 12,,V,CULTURALES
ASOCIACION CULTURAL DE AYUDA E INTEGRACION AL PUEBLO RUMANO,,general,CAMINO VIEJO  DE LA ESGARAVITA 12 1º B,28805,,678 05 62 34,asromalcala2002@yahoo.es,VI,CULTURALES
ASOCIACION CULTURAL DEL DON JUAN I,,educativa,C/ DAOIZ Y VELARDE 28,28807,91,881 51 56,,VII,CULTURALES
ASOCIACION CULTURAL FILARMONICA DE LA ORQUESTA CIUDAD DE ALCALA,,música,AVDA DE LOS JESUITAS S/N  C C GILITOS,28806,91,883 07 89,presidente@orquestadealcala.com,VIII ,CULTURALES
ASOCIACION CULTURAL HIJOS Y AMIGOS DE ALCALA,,general,C/ CID CAMPEADOR 5,28801,91,883 41 88,asociacion@hijosyamigosdealcala.com,I,CULTURALES
ASOCIACION CULTURAL LA LOCANDIERA TEATRO,,teatro,C/ RIO TURIA 4 3º A,28803,,635 12 17 04,marisol.trevino@yahoo.es,III,CULTURALES
ASOCIACION CULTURAL MALAYA,,general,C/ BRETON S/N ,28806,,646 32 19 27,acmalaya@yahoo.es,VIII,CULTURALES
ASOCIACION CULTURAL ORQUESTA Y CORO,,música,AVDA DE LOS JESUITAS S/N  C C GILITOS,28806,,696 22 66 17,,VIII,CULTURALES
ASOCIACION CULTURAL PARA LA INNOVACION TECNOLOGICA DEL ESTUDIO DE LA LENGUA,ACITEL,varios,C/ DAMASO ALONSO 3 3º A,28806,,,,VIII,CULTURALES
ASOCIACION CULTURAL PEÑALEN,,varios,C/ CARDENAL CISNEROS 26 2º,28802,91,882 31 93,penalen.alcala@ono.com,I,CULTURALES
ASOCIACION CULTURAL PETO,,varios,AVDA VIRGEN DEL VAL 1 5º D,28804,,686 41 72 42,,V,CULTURALES
ASOCIACION CULTURAL RECREARTE,,varios,C/ SANTANDER PUERTA 4 5º C,28804,91,883 14 54,acrecrearte@gmail.com,V,CULTURALES
ASOCIACION CULTURAL SODA,,varios,C/ SEGOVIA 3 6º C,28804,,635 66 30 85,davidsenen@hotmail.com,V,CULTURALES
ASOCIACION CULTURAL TALLER DE DANZA ALCALA,,danza,AVDA VIRGEN DEL VAL 2 ,28804,91,889 66 12,tallerdedanza@danzalcala.com,V,CULTURALES
ASOCIACION CULTURAL TEATRO INDEPENDIENTE ALCALAINO,TIA,teatro,PLAZA DE LOS IRLANDESES 2 1º B,28801,91,889 50 69,jblasco@lacallemayor.net,I,CULTURALES
ASOCIACION CULTURAL TEATRO YESES,,teatro,CARRETERA ALCALA MECO KM 5,28805,,649 58 22 09,teatroyeses@gmail.com,VI,CULTURALES
ASOCIACION CULTURAL ZARCO,,varios,C/ SANTIAGO 42,28801,,676 19 32 22,clubzarco@gmail.com,I,CULTURALES
ASOCIACION DE AFICIONADOS FILATELICOS,,filatelia,APARTADO DE CORREOS 204,28800,,,,V,CULTURALES
ASOCIACION DE AMIGOS DE LA UNIVERSIDAD DE ALCALA,,educativa,C/ SANTA URSULA 1 BAJO,28801,91,885 50 43,asociacionamigos.ua@uah.es,I,CULTURALES
ASOCIACION DE ANTIGUAS ALUMNAS DE EMA,,educativa,C/ ARCIPRESTE DE HITA S/N ESC MUNICIPAL PERSONAS ADULTAS,28801,91,882 46 91,ema@ayto-alcaladehenares.es,I,CULTURALES
"ASOCIACION DE ANTIGUAS ALUMNAS EPA ""DON JUAN I""",,educativa,C/ DAOIZ Y VELARDE 28 ESCUELA ADULTOS DON JUAN I,28807,91,881 51 56,pumer_pumer@hotmail.com,VII,CULTURALES
ASOCIACION DE ANTIGUOS ALUMNOS DE LA UNIVERSIDAD DE ALCALA,,educativa,C/ SANTA URSULA 1 1ª PLANTA,28801,91,885 50 31,antiguos.alumnos@uah.es,I,CULTURALES
ASOCIACION DE ESTUDIANTES Y LICENCIADOS DE FARMACIA POR ALCALA ,AELFA,educativa,FACULTAD DE FARMACIA CAMPUS UNIVERSITARIO,28805,91,885 46 65,aelfitos@gmail.com,VI,CULTURALES
ASOCIACION DE LOS SANTOS NIÑOS JUSTO Y PASTOR,,varios,C/ EMPECINADO S/N MAGISTRAL,28801,91,888 09 30,,I,CULTURALES
ASOCIACION DE MAGISTERIO SAN JOSE DE CALASANZ,,educativa,C/ DAOIZ Y VELARDE 9,28807,91,882 70 91,,VII,CULTURALES
ASOCIACION DE MUSICOS Y GRUPOS DE ALCALA,,música,C/ NUEVO BAZTAN 9 1º C,28806,,651 48 28 98,censoalcala@yahoo.es,VIII,CULTURALES
ASOCIACION DE SORDOS DE ALCALA DE HENARES,,varios,C/ PABLO CORONEL 34 Bº ESQUINA PLAZA 1 DE MAYO,28802,,629 25 05 45,a_sordos_a_h@hotmail.com,II,CULTURALES
ASOCIACION DE UCRANIANOS DE ALCALA DE HENARES,,general,C/ BUENDIA 6 2º B,28803,,615 64 31 93,ukrshkolaalcala@bigmir.net,III,CULTURALES
ASOCIACION ESPAÑOLA DE ENSEÑANZA TECNICO PROFESIONAL,AEDETP,educativa,C/ TENIENTE RUIZ 10 3º 3,28805,91,888 08 74,administracion@aedetp.net,VI,CULTURALES
ASOCIACION GRUPO CULTURAL EL VAL,,general,C/ CUENCA 1,28804,,,,V,CULTURALES
ASOCIACION JOVENES ABOGADOS DE ALCALA,,varios,C/ COLEGIOS 1,28801,91,882 92 68,,I,CULTURALES
ASOCIACION MOROS Y CRISTIANOS DE ALCALA DE HENARES,,varios,C/ LUIS VIVES 14 LOCAL,28803,91,887 04 16,,III,CULTURALES
ASOCIACION NACIONAL DE USUARIOS DE REDES INALAMBRICAS,ANURI,varios,,,,686 63 93 47,asociacion@alcalawireless.com,,CULTURALES
ASOCIACION PARA EL CRECIMIENTO PERSONAL Y LA SALUD,,educativa,C/ RICO HOME 3-5,28801,,679 78 55 69,acpsalud@terra.es,I,CULTURALES
ASOCIACION PEDAGOGICA NAHAR,,educativa,C/ RUBEN DARIO 14,28806,91,802 07 28,rllull@eresmas.com,VIII,CULTURALES
ASOCIACION PROVIDA ALCALA DE HENARES,,varios,C/ LEOPOLDO ALAS CLARIN 13,28806,91,878 76 60,alcala@provida.es,VIII,CULTURALES
ASOCIACION SOCIOCULTURAL AMANECER  BONOVO,ASCAB,general,APARTADO DE CORREOS 2024,28800,,659 18 33 30,amanecerbonovo@yahoo.es,I,CULTURALES
ASOCIACION SOCIOCULTURAL ERAS DE SAN ISIDRO,,general,C/ DAOIZ Y VELARDE 9,28807,91,888 55 20,,VII,CULTURALES
ASOCIACION UNION HISPANO RUMANA DACIA EN ALCALA DE HENARES ,,general,C/ FEDERICO GARCIA LORCA 23 2º A,28806,,665 11 65 58,uniunea@gmail.com,IX,CULTURALES
ASOCIACION UNIVERSITARIA GURUCAN,AUG,varios,"FACULTAD DE BIOLOGIA EDIFIC DE CIENCIAS CAMPUS UNIV CTRA MADRID BARCELONA KM 33,600",28805,91,889 22 07,,VI,CULTURALES
ATENEO CULTURAL Iº DE MAYO (CCOO),,general,VIA COMPLUTENSE 19,28807,91,280 06 52,,VII,CULTURALES
AULA DE TEATRO,,teatro,C/ TRINIDAD 5 ,28801,91,883 28 69,teatro@cenah.es,I,CULTURALES
BANDA SINFONICA COMPLUTENSE DE ALCALA DE HENARES,,música,C/ ALALPARDO S/N ,28806,,690 81 23 73,sinfocomplutense@tiscali.es,VIII,CULTURALES
BIBLIOTECA Y LUDOTECA VIRGEN DE BELEN,,literaria,C/ NUESTRA SEÑORA DE BELEN 14 Bº C ,28802,91,888 63 47,,II,CULTURALES
BROCAR ASOCIACION BIBLIOFILA CULTURAL,,literaria,C/ NAVARRO Y LEDESMA 6 5º A PARQUE SAN FERNANDO,28807,91,888 22 05,alcalaliber@gmail.com,VII,CULTURALES
CAMPING CARAVANING CLUB,,varios,RONDA FISCAL 42,28803,,608 01 53 04,,III,CULTURALES
CASA DE CULTURA Y SOLIDARIDAD,CYS,varios,C/ PINTOR PICASSO 14,28807,,676 43 52 77,alcala@solidaridad.net,VII,CULTURALES
CATALEJO TEATRO,,teatro,C/ TOLEDO 11 6º C,28804,91,888 49 25,,V,CULTURALES
CENTRO CULTURAL Y JUVENIL ADAC,,varios,C/ JUAN DE ZUÑIGA 3 1º B,28805,,662 40 45 03,asociacionculturaladac@hotmail.com,V,CULTURALES
CENTRO CULTURAL Y RECREATIVO EL CHORRILLO,,general,C/ BRETON S/N,28806,,655 15 04 37,,VIII,CULTURALES
CENTRO JUVENIL CISNEROS,,general,C/ CARDENAL CISNEROS 5-7,28801,91,888 04 97,cisneros@valdoco.com,I,CULTURALES
CIRCULO DE CONTRIBUYENTES,,general,PLAZA DE CERVANTES 9,28801,91,880 42 43,,I,CULTURALES
CLUB DE INVESTIGACIONES SUBTERRANEAS,GIS,espeleología,AVDA VIRGEN DEL VAL 2 ,28804,91,889 66 12,espeleogis@wanadoo.es,V,CULTURALES
CLUB UNESCO ALCALA DE HENARES,,,C/ DAOIZ Y VELARDE 28,28807,,696 44 15 06,,VII,CULTURALES
COLECTIVO ACTIVIDAD,,bellas artes,APARTADO DE CORREOS 36,28800,91,880 57 14,cactividad@arrakis.es,V,CULTURALES
COLECTIVO ACTIVIDAD,,imagen y sonido,APARTADO DE CORREOS 1076,28800,91,880 57 14,cactividad@arrakis.es,V,CULTURALES
COLECTIVO ACTIVIDAD,,música,APARTADO DE CORREOS 36,28800,91,880 57 14,cactividad@arrakis.es,V,CULTURALES
COLECTIVO ACTIVIDAD,,general,APARTADO DE CORREOS 36,28800,91,880 57 14,cactividad@arrakis.es,V,CULTURALES
COLECTIVO DE INFORMACION Y ASESORAMIENTO JUVENIL,CIDAJ,general,C/ SAN FELIPE NERI 1,28801,91,879 74 00,infocidaj@ayto-alcaladehenares.es,I,CULTURALES
COMISION DE ESTUDIOS DEL PATRIMONIO HISTORICO DE ALCALA DE HENARES Y SU TIERRA,,varios,C/ MADRE DE DIOS 4 8º C,28801,,,,I,CULTURALES
CORAL ALCALAINA PUEBLOS DE ESPAÑA,,música,C/ DAOIZ Y VELARDE 9,28807,91,889 96 70,capueblosdespaña@gmail.com,VII,CULTURALES
CORAL POLIFONICA COMPLUTENSE,,música,C/ DAOIZ Y VELARDE 9,28807,91,802 67 87,,VII,CULTURALES
CORO DE LA UNIVERDIDAD DE ALCALA DE HENARES,,música,DPTO QCA ORGANICA FACULTAD DE FARMACIA CAMPUS UNIVERSITARIO,28805,91,885 46 15,coro.universitario@uah.es,VI,CULTURALES
CORO DE MUJERES NUBA,,música,PARQUE SAN FERNANDO 9 4º,28807,,,,VII,CULTURALES
CORO LIRICO MIGUEL DE CERVANTES,,música,C/ DAOIZ Y VELARDE 9,28807,91,889 98 10,coroalcervantes@yahoo.es,VII,CULTURALES
CUARTETO DE FLAUTAS DE PICO EL JUBILATE,,música,C/ SANTA URSULA 7 2º,28801,91,882 81 60,commedia@elteatrodelfinikito.com,I,CULTURALES
EL TEATRO DEL FINIKITO,,teatro,C/ SANTA URSULA 7 2º,28801,91,882 81 60,laoficina@elteatrodelfinikito.com,I,CULTURALES
ENTROPIA ALCALA DE HENARES,,general,PASEO DE LOS CURAS 20 8º 4,28803,,626 74 34 08,entropiaweb@gmail.com,III,CULTURALES
ESPEJO DE CALLE,,teatro,C/ RIO MANZANARES 7 4º D,28803,91,883 73 01,,IV,CULTURALES
FEDERACION DE TEATRO AFICIONADOS DE LA CAM,,teatro,C/ TOLEDO 11 6º C,28804,91,888 49 25,,V,CULTURALES
FEDERACION ESPAÑOLA DE ESTUDIANTES DE FARMACIA,FEEF,educativa,FACULTAD DE FARMACIA CAMPUS UNIVERSITARIO,28805,91,885 46 65,aelfitos@gmail.com,VI,CULTURALES
FLIER DEMONS BREAK DANCE DE ALCALA DE HENARES,,danza,C/ BOLARQUE 7 5º B,28803,91,881 44 87,jlsanchez79@hotmail.com,IV,CULTURALES
FORO DEL HENARES,,general,PLAZA DE LOS IRLANDESES 9 ,28801,91,883 51 17,forodelhenares@gmail.com,I,CULTURALES
FOVIA IMAGEN,,imagen y sonido,C/ RIO PISUERGA 13 PORTAL 2 2º B,28803,91,881 12 36,,III,CULTURALES
FUNDACION FELIX GRANDA,,general,C/ GALILEO GALILEI 19 POLIGONO INDUSTRIAL (LA GARENA),28806,91,802 36 55,fundacion@artegranda.com,VIII,CULTURALES
FUNDACION PARA EL DESARROLLO HUMANO DE AFRICA,,general,C/ NICOLAS DE OVANDO 4 1º C,28802,,648 65 51 33,info@africanfuture.org,II,CULTURALES
GRUPO DE DULZAINAS DE ALCALA ,,música,AVDA VIRGEN DEL VAL 2 ,28804,91,880 97 09,dsgalcala@gmail.com,V,CULTURALES
GRUPO DE TEATRO A TRANCAS Y BARRANCAS,,teatro,C/ STA TERESA 3 6º B ESC DCHA ,28803,91,889 36 61,,II,CULTURALES
GRUPO DE TEATRO OPERA PRIMA,,teatro,C/ ORENSE 11 4º B,28804,,676 43 24 15,lupaai@auna.com,V,CULTURALES
GRUPO DESPERTAR,,varios,C/ SANTIAGO 29 ,28801,91,881 03 98,,I,CULTURALES
GRUPO LITERARIO OMNIA,,literaria,C/ BARBERAN Y COLLAR 4 7º A,28805,91,881 98 92,g-l-o@hotmail.com,VI,CULTURALES
INSTITUCION DE ESTUDIOS COMPLUTENSES,,general,C/ SANTA URSULA 1 2ª PLANTA,28801,91,885 50 32,i.eecc@uah.es,I,CULTURALES
INSTITUTO ARCO IRIS,,varios,C/ RICO HOME 3-5,28801,,676 50 00 32,info@institutoarcoiris.es,I,CULTURALES
JUVENTUDES MUSICALES DE ALCALA DE HENARES,,música,RONDA FISCAL  38,28803,91,881 61 79,escuela@musicaenalcala.com,III,CULTURALES
MUTUAL COMPLUTENSE,,bellas artes,C/ NUEVA 10,28801,91,882 83 92,mutualcomplutense@mutualcomplutense.org,I,CULTURALES
ORQUESTA DE PULSO Y PUA TABLATURA,,música,C/ GRANADA 4 3º C,28802,91,889 07 37,tablatura.prado@yahoo.es,II,CULTURALES
PEÑA CULTURAL FLAMENCA EL TRONIO,,música,VIA COMPLUTENSE 121 TALLERES BARRANCO,28805,91,888 19 95,,VI,CULTURALES
PEÑA FLAMENCA LOS SORDERA,,música,C/ ESCRITORIOS 3 ,28801,91,881 60 38,,I,CULTURALES
PLATAFORMA COMPLUTENSE,,varios,C/ DIVINO VALLES 2 2º A,28805,91,882 19 56,,VI,CULTURALES
SCHOLA CANTORUM DE ALCALA DE HENARES,,música,C/ SAN JUAN 2,28801,,649 07 74 49,scholaalcala@yahoo.es,I,CULTURALES
SOCIEDAD DE CONDUEÑOS,,general,PLAZA DE CERVANTES 10,28801,,,,I,CULTURALES
SOCIEDAD LIRICA COMPLUTENSE,,música,C/ DAOIZ Y VELARDE 9 ,28807,,,,VII,CULTURALES
TALLER DE ARTES PLASTICAS DE ALCALA DE HENARES,,bellas artes,AVDA VIRGEN DEL VAL 2 ,28804,91,889 66 12,t.a.p.a@hotmail.com,V,CULTURALES
TALLER DE TEATRO MARUJASP,,teatro,C/ LUIS CERNUDA 21,28806,,610 39 99 59,maru-jasp@hotmail.com,VIII,CULTURALES
TALLER DE TEATRO PUNTO Y APARTE,,teatro,AVDA VIRGEN DEL VAL 2,28804,91,889 66 12,,V,CULTURALES
TEATRO EL CLAVO,,teatro,C/ CANOVAS DEL CASTILLO 5 5º I,28807,91,882 84 04,,VII,CULTURALES
TEATRO ESCUELA LIBRE DE ALCALA,TELA,teatro,AVDA DE LOS JESUITAS S/N  C C GILITOS,28806,91,889 28 22,,VIII,CULTURALES
TUNA UNIVERSITARIA DE ALCALA DE HENARES,,musica,C/ TRINIDAD 11,28801,91,883 36 15,,I,CULTURALES
UNION DE RADIOAFICIONADOS ESPAÑOLES,,imagen y sonido,APARTADO DE CORREOS 201,28800,,645 31 15 65,seccion.henares@ure.es,VIII,CULTURALES
ALCALA MAGALLANES PATIN,,patinaje,C/ NUESTRA SEÑORA DE BELEN 19,28802,,,,II,DEPORTIVAS
ALKALA NAHAR,,piragüismo,AVDA JUAN DE AUSTRIA 6 1º C,28805,,,,V,DEPORTIVAS
ASOCIACION CALVA REYES CATOLICOS,,calva,C/ SAN FRUCTUOSO 4 5º D,28803,91,881 15 58,,III,DEPORTIVAS
ASOCIACION CULTURAL DE AJEDREZ MUNICIPAL DE ALCALA,,ajedrez,AVDA VIRGEN DEL VAL 2,28804,91,889 66 12,ortizsj@munimadrid.es,V,DEPORTIVAS
ASOCIACION DE SORDOS DE ALCALA DE HENARES,,varios,C/ PABLO CORONEL 34 Bº ESQUINA PLAZA 1 DE MAYO,28802,,629 25 05 45,a_sordos_a_h@hotmail.com,II,DEPORTIVAS
ASOCIACION DEPORTIVA CLUB MONTAÑA VIVAC,,varios,C/ MAYOR 58 3º C,28801,91,881 78 70,smvivac@teleline.es,I,DEPORTIVAS
ASOCIACION DEPORTIVA COMPLUTENSE NADADOR,,futbol,PASEO DE AGUADORES S/N,28804,91,883 55 12,,IV,DEPORTIVAS
ASOCIACION DEPORTIVA DARDOS LA MANCHA,,dardos,C/ RIO NALON 1 2º A,28804,91,881 03 45,,IV,DEPORTIVAS
ASOCIACION DEPORTIVA DART COMPLUTENSE,,dardos,C/ RIO NALON 1 2º A,28804,91,881 03 45,,IV,DEPORTIVAS
ASOCIACION DEPORTIVA EL CHORRILLO,,futbol,C/ CAMPO REAL S/N,28806,91,880 01 71,,VIII,DEPORTIVAS
ASOCIACION DEPORTIVA HENARES,,futbol,RONDA FISCAL 2,28803,91,882 13 91,,III,DEPORTIVAS
ASOCIACION DEPORTIVA NAYA,,futbol,CAMINO DE TEATINOS S/N,28806,91,889 35 43,,VIII,DEPORTIVAS
ATLETICO ALCALA CLUB FUTBOL,,futbol,CAMINO DEL JUNCAL 16 1º B,28802,91,880 03 67,,II,DEPORTIVAS
ATLETISMO JUVENTUD ALCALA,AJA,atlestismo,AVDA VIRGEN DEL VAL 57 2º B,28804,91,882 56 53,Ortiz1972@hotmail.com,V,DEPORTIVAS
BICICLETAS TODO TERRENO IBEX,,ciclismo,C/ RIO SEGRE 7,28803,91,882 04 23,,III,DEPORTIVAS
BIKE RACING MTB,,ciclismo,C/ PUERTA DEL VADO 5,28803,91,883 35 05,bikeracin@wanadoo.es,III,DEPORTIVAS
BOLOS COMPLUTENSE,,bolos,C/ DIEGO DE URBINA 5 1º IZQ,28805,,,,VI,DEPORTIVAS
CAMPING CARAVANING CLUB,,varios,RONDA FISCAL 42,28803,,608 01 53 04,,III,DEPORTIVAS
CLUB BADMINTON ALCALA,,badminton,C/ MURILLO 1 5º A,28805,91,888 18 34,amiguel123@hotmail.com,VII,DEPORTIVAS
CLUB BALONCESTO JUAN DE AUSTRIA ALCALA,,baloncesto,C/ JUAN DE AUSTRIA 17,28805,91,888 63 50,,VI,DEPORTIVAS
CLUB BEEP'S FUTBOL SALA,,futbol,C/ TORRELAGUNA 23 1º B,28806,91,880 58 40,,VIII,DEPORTIVAS
CLUB CALVA ALCALA DE HENARES,,calva,C/ SEGOVIA 26 3º A,28804,91,889 84 45,,V,DEPORTIVAS
CLUB CICLISTA IPLACEA,,ciclismo,AVDA VIRGEN DEL VAL 4,28804,91,878 71 70,cciplacea@terra.es,V,DEPORTIVAS
CLUB COMPLUTENSE DE BOLO LEONES,, ,C/ ROJAS ZORRILLA 6 6º D,28805,91,881 24 73,,V,DEPORTIVAS
CLUB DARDOS TREBOL,,dardos,C/ RESURECCION 2 BAJO ,28807,91,881 61 99,,VII,DEPORTIVAS
CLUB DE INVESTIGACIONES SUBTERRANEAS,GIS,espeleología,AVDA VIRGEN DEL VAL 2,28804,91,889 66 12,espeleogis@wanadoo.es,V,DEPORTIVAS
CLUB DEPORTIVO  ALPINO JUNCAL,,futbol,AVDA REYES CATOLICOS 54 3º A,28802,91,880 81 53,,II,DEPORTIVAS
CLUB DEPORTIVO  Y CULTURAL IVIASA,,varios,C/ AMADEO VIVES 3,28806,91,878 88 98,iviasa@telefonica.net,VIII,DEPORTIVAS
CLUB DEPORTIVO ALCALA FUTBOL SALA,,futbol,C/ AVILA 44,28805,,677 60 72 83,alcasala@telefonica.net,VI,DEPORTIVAS
CLUB DEPORTIVO AVANCE,,futbol,"CARRETERA N-II KM 34,200",28805,91,882 40 35,cdavance@eresmas.com,VI,DEPORTIVAS
CLUB DEPORTIVO BALONCESTO ALCALA,,baloncesto,C/ LOGROÑO 10 ,28805,91,878 76 86,administracion@cdhercesa.com,V,DEPORTIVAS
CLUB DEPORTIVO BALONMANO PLAYA ALCALA,,balonmano,C/ JORGE LUIS BORGES 26 3º B,28806,,658 51 07 84,zapa@cdiplacea.org,VIII,DEPORTIVAS
CLUB DEPORTIVO BAR PEÑALVER SAN ISIDRO,,futbol,C/ DOCTORA DE ALCALA 4,28807,91,888 20 17,,VII,DEPORTIVAS
CLUB DEPORTIVO BUCEO ALCALA,,actividades subacuáticas,C/ CADIZ 5 1º B,28804,91,878 92 27,,IV,DEPORTIVAS
CLUB DEPORTIVO COLEGIO ESCOLAPIOS,,futbol,AVDA LOPE DE FIGUEROA 27 BAJO,28804,91,889 31 58,rec.al3@escolapios.es,V,DEPORTIVAS
CLUB DEPORTIVO DIPSAL,,futbol,AVDA REYES CATOLICOS 4 4º G,28802,91,889 89 64,,II,DEPORTIVAS
CLUB DEPORTIVO DISTRITO II,,futbol,VIA COMPLUTENSE 81 7º D,28805,91,882 65 98,,VI,DEPORTIVAS
"CLUB DEPORTIVO ELEMENTAL DE MONTAÑA ""BOTA Y MOSQUETON""",,senderismo,C/ VIRGEN DE LORETO 6 2º C,28805,,671 33 37 40,botaymosqueton@hotmail.com,V,DEPORTIVAS
CLUB DEPORTIVO FERRAZ NADADOR,,futbol,C/ VITORIA 40,28804,91,889 16 77,,V,DEPORTIVAS
CLUB DEPORTIVO FILIPENSE,,baloncesto,C/ ESCRITORIOS 6,28801,,620 69 53 57,,I,DEPORTIVAS
CLUB DEPORTIVO FUTURO SAN FRANCISCO,,futbol,PLAZA SAN FRANCISCO DE ASIS 7 BAR CASTELLANOS,28802,91,880 72 88,,II,DEPORTIVAS
CLUB DEPORTIVO GRECO DISTRITO JUNCAL,,futbol,PLAZA SAN FRANCISCO DE ASIS 13 BAR CASIMIRO,28802,91,878 41 61,,II,DEPORTIVAS
CLUB DEPORTIVO HIPICA MILITAR DE ALCALA DE HENARES,,hípica,"CTRA MECO KM 1,5",28805,91,889 34 64,informacion@hipicadealcala.com,VI,DEPORTIVAS
CLUB DEPORTIVO IPLACEA,,varios,AVDA VIRGEN DEL VAL 8,28804,91,881 78 83,,V,DEPORTIVAS
CLUB DEPORTIVO JUAN DE AUSTRIA,,futbol,AVDA VIRGEN DEL VAL 17 3º B,28804,,655 97 42 27,,V,DEPORTIVAS
CLUB DEPORTIVO KARATE ANTONIO MACHADO,,karate,C/ PONCE DE LEON S/N,28802,,659 65 35 16,,II,DEPORTIVAS
CLUB DEPORTIVO MERCURIO,,futbol,AVDA REYES CATOLICOS 20 3º C,28802,91,888 66 77,pereo19@hotmail.com,II,DEPORTIVAS
CLUB DEPORTIVO MESON LA MANCHA,,futbol,C/ RIO NALON 1 2º A,28804,91,881 03 45,,IV,DEPORTIVAS
CLUB DEPORTIVO OLIMPIA,,karate,C/ INFANTADO 5,28807,91,880 56 07,giftsl@mi.madritel.es,VII,DEPORTIVAS
CLUB DEPORTIVO PABLO ARMENTEROS,,varios,C/ DE LA ROSA 1,28803,,639 47 16 75,karatejuarmenteros@hotmail.com,III,DEPORTIVAS
CLUB DEPORTIVO PELOTA CERVANTES,,pelota,AVDA JUAN DE AUSTRIA 3 5º C,28805,,,,VI,DEPORTIVAS
CLUB DEPORTIVO PETANCA HENARES,,petanca,C/ LUCAS LOZANO S/N,28803,91,280 09 71,,III,DEPORTIVAS
CLUB DEPORTIVO SAGITTA,,tiro,C/ BELVIS DEL JARAMA S/N,28806,91,888 48 99,sagittaclub@mixmail.com,VI,DEPORTIVAS
CLUB DEPORTIVO SANCHO PANZA,,aire libre,C/ ANDREA DORIA 9 5º B,28804,,,,V,DEPORTIVAS
"CLUB DEPORTIVO TIRO CON ARCO ""CERVANTES ALCALA""",,tiro,SERVICIO DEPORTES CAMPUS UNIVERSITARIO,28805,91,883 25 31,trosales@eresmas.com,VI,DEPORTIVAS
CLUB DEPORTIVO TORREJON PRACTICAL PISTOL TEAM,,tiro,C/ SIGUENZA 7 6º D,28804,,630 90 07 70,,IV,DEPORTIVAS
CLUB FRANCISCO DEL YERRO II,,halterofilia,C/ SOLIS S/N,28801,,,,I,DEPORTIVAS
CLUB FRONTENIS MECO,,pelota,AVDA JUAN DE AUSTRIA 3 5º C,28805,,,,VI,DEPORTIVAS
CLUB FUTBOL BRUJAS,,futbol,C/ RIO MANZANARES 7 1º D,28804,91,285 32 08,,IV,DEPORTIVAS
CLUB FUTBOL DINAMO DE ALCALA,,futbol,AVDA REYES CATOLICOS 43 2º C,28803,91,285 22 69,,III,DEPORTIVAS
CLUB FUTBOL RAYO DULCINEA DISTRITO VI,,futbol,C/ ALONSO SANCHEZ 8 BAR SANCHEZ,28805,91,880 67 98,,VI,DEPORTIVAS
CLUB GIMNASIA RITMICA DISTRITO III,,gimnasia,C/ MARQUES DE MONDEJAR S/N,28803,91,889 99 59,,III,DEPORTIVAS
CLUB GIMNASIA RITMICA IPLACEA ALKAL'A NAHAR,,gimnasia rítmica,C/ GIL DE ANDRADE 18 6º A,28804,,639 13 93 35,iplaceaalkala@msm.com,IV,DEPORTIVAS
CLUB HIPICO ALCALA,,hípica,ROTONDA DE LA BRIGADA PARACAIDISTICA 2,28805,91,889 34 64,,V,DEPORTIVAS
CLUB NATACION ALCALA,,natación,C/ FERRAZ 14 3º D,28807,,,,VII,DEPORTIVAS
CLUB PATIN ALCALA,,patinaje,AVDA VIRGEN DEL VAL 4,28804,,,,V,DEPORTIVAS
CLUB PATIN CERVANTES,,patinaje,C/ JUAN DE LA COSA 4,28802,91,881 60 17,,II,DEPORTIVAS
CLUB PETANCA REYES CATOLICOS,,petanca,C/ MARQUES DE MONDEJAR S/N,28803,91,888 66 64,,III,DEPORTIVAS
CLUB SAN ISIDRO COLON,,futbol,AVDA CABALLERIA ESPAÑOLA 10 BAR SAN ISIDRO,28805,,630 64 08 38,cfsanisidrocolon@hotmail.com,VI,DEPORTIVAS
CLUB VIOLETA FUTBOL SALA,CVFS,futbol,C/ RIO SORBE 1 1º C,28803,,678 55 74 53,,IV,DEPORTIVAS
CLUB VOLEIBOL ALCALA,,voleibol,AVDA VIRGEN DEL VAL 8,28804,91,888 19 94,postigo50@hotmail.com,V,DEPORTIVAS
DARDOS ALCALA,,dardos,C/ NUESTRA SEÑORA DE BELEN 22,28802,,,,II,DEPORTIVAS
DINAMO ALCALA CLUB FUTBOL,,futbol,AVDA REYES CATOLICOS 43 2º C,28803,91,285 22 69,,III,DEPORTIVAS
ESCUELA CICLISMO MAGRO,,ciclismo,C/ ANDRES SABORIT 1,28802,91,882 77 80,,II,DEPORTIVAS
ESCUELA DE TENIS ALCALA,,tenis,AVDA VIRGEN DEL VAL 4,28804,,699 05 32 64,alcalatenis@yahoo.es,V,DEPORTIVAS
FUTBOL CLUB ALBA HENARES,,futbol,C/ FEDERICO MOMPOU 4 2º B,28806,91,888 63 89,,VIII,DEPORTIVAS
FUTBOL CLUB KOSMOS,,futbol,C/ SANTA TERESA 3 4º D  ESC IZQ,28803,91,888 39 42,acanonuñez@es.ibm.com,III,DEPORTIVAS
GRUPO DE ORIENTACION COMPLUTENSE Y ACTIVIDADES EN LA NATURALEZA,GOCAN,orientación,AVDA LOPE DE FIGUEROA 31 7º A,28804,91,889 55 66,,V,DEPORTIVAS
JUDO COMPLUTENSE,,judo,C/ MANUEL MERINO 12,28804,,,,V,DEPORTIVAS
JUDO NEBRIJA,,judo,C/ CAMPO REAL 4 2º C,28806,,,,VIII,DEPORTIVAS
KARTING CLUB LOS SANTOS,,karting,C/ ANDRES SABORIT 5 1º,28802,,,,II,DEPORTIVAS
L Y E TORIBIO,,futbol,C/ MURCIA 17,28805,91,882 44 07,,VI,DEPORTIVAS
LOPE DE VEGA,,gimnasia,C/ LUIS DE MEDINA 12,28805,,,,VI,DEPORTIVAS
MOTORCLUB ALCALA,,motociclismo,C/ ANDRES SABORIT 5 1º,28802,,,,II,DEPORTIVAS
PARAPENTE ALCALA,,parapente,C/ MIGUEL ANGEL 1 7º D,28802,,,,II,DEPORTIVAS
PELOTA ALCALA DE HENARES,,pelota,C/ GOYA 4 1º C,28807,,609 78 77 00,,VII,DEPORTIVAS
PEÑA ATLETICA SAN ISIDRO,,futbol,AVDA JUAN DE AUSTRIA 26 ,28805,91,881 09 65,,V,DEPORTIVAS
PEÑA BARCELONISTA DE EXTREMADURA,,futbol,C/ MARQUES DE MONDEJAR S/N,28803,91,888 82 27,,III,DEPORTIVAS
PEÑA BARCELONISTA DE EXTREMADURA,,petanca,C/ MARQUES DE MONDEJAR S/N,28803,91,888 82 27,,III,DEPORTIVAS
PETANCA ALCALA,,petanca,AVDA VIRGEN DEL VAL 4,28804,,,,V,DEPORTIVAS
PETANCA LOS ARCOS DEL VAL,,petanca,AVDA JUAN DE AUSTRIA 30 BAR TAGOMAO,28804,91,880 16 11,,V,DEPORTIVAS
REAL SOCIEDAD DEPORTIVA ,,futbol,C/ PABLO CORONEL 6,28802,,,,II,DEPORTIVAS
REAL SOCIEDAD DEPORTIVA ALCALA,,futbol,C/ PORTILLA 6,28801,91,888 02 78,,I,DEPORTIVAS
SECCION ACCION DEPORTIVA ENSANCHE ALCALA,,varios,C/ GABRIELA MISTRAL 5 B11,28806,91,802 82 32,deportes@ensanche.org,VIII,DEPORTIVAS
SOCIEDAD CAZA CASABLANCA,,caza,C/ NUÑEZ DE GUZMAN 15,28802,,,,II,DEPORTIVAS
SOCIEDAD PESCADORES CERVANTES,,pesca,C/ ERAS DE SAN ISIDRO 4 BAJO D,28805,91,880 84 44,,VI,DEPORTIVAS
SPORTING ALCALA,,futbol,C/ PEDRO DE VALDIVIA 4,28802,91,889 77 98,,II,DEPORTIVAS
VETROTEX FUTBOL SALA,,futbol,AVDA LOPE DE FIGUEROA 41 7º B,28804,,649 93 79 93,jjsanchez@viadigital.net,V,DEPORTIVAS
AMPA CALASANZ,,AMPAS CC,C/ SANTIAGO 29,28801,91,889 29 00,ampa@calasanzalcala.com,I,EDUCATIVAS
AMPA COLEGIO DE EDUCACION ESPECIAL PABLO PICASSO,,AMPAS CP,AVDA DE CASTILLA S/N,28804,91,888 40 94,cpee.picasso.alcala@educa.madrid.org,V,EDUCATIVAS
AMPA CP ANTONIO MACHADO,,AMPAS CP,C/ JIMENEZ DE QUESADA 7,28802,91,881 55 57,,II,EDUCATIVAS
AMPA CP ANTONIO NEBRIJA,,AMPAS CP,C/ SAN IGNACIO DE LOYOLA 13,28806,91,888 23 68,,VIII,EDUCATIVAS
AMPA CP BEATRIZ GALINDO,,AMPAS CP,C/ VIOLETA 19,28803,91,889 80 64,,III,EDUCATIVAS
AMPA CP CARDENAL CISNEROS,,AMPAS CP,C/ SAN JUAN 2,28801,91,888 04 47,cpcardenalcisneros@yahoo.es,I,EDUCATIVAS
AMPA CP CIUDAD DEL AIRE,,AMPAS CP,C/ BARBERAN Y COLLAR S/N,28805,91,888 03 43,,VI,EDUCATIVAS
AMPA CP DAOIZ Y VELARDE,,AMPAS CP,C/ INFANTADO 2,28807,91,888 09 58,,VII,EDUCATIVAS
AMPA CP DOCTORA DE ALCALA,,AMPAS CP,C/ PEDRO SARMIENTO DE GAMBOA 11,28805,91,888 37 64,cpdoctora@yahoo.es,VI,EDUCATIVAS
AMPA CP DULCINEA,,AMPAS CP,CAMINO DE TEATINOS 10,28805,91,889 59 26,cp.dulcinea.alcala@educa.madrid.org,VI,EDUCATIVAS
AMPA CP EL JUNCAL,,AMPAS CP,AVDA NUÑEZ DE GUZMAN 31,28802,91,881 90 11,,II,EDUCATIVAS
AMPA CP EL VAL,,AMPAS CP,C/ AVILA S/N,28804,91,889 37 02,cp.val.alcala@educa.madrid.org,V,EDUCATIVAS
AMPA CP EMPERADOR FERNANDO,,AMPAS CP,C/ RONDA FISCAL 44,28803,91,882 33 34,,III,EDUCATIVAS
AMPA CP FRANCISCO DE QUEVEDO,,AMPAS CP,C/ SAN VIDAL 8,28803,91,880 78 35,,III,EDUCATIVAS
AMPA CP GARCIA LORCA,,AMPAS CP,C/ TORRELAGUNA 29,28806,91,888 82 02,garcialo@centros2.pntic.mec.es,VIII,EDUCATIVAS
AMPA CP HENARES,,AMPAS CP,C/ RIO GUADARRAMA 5,28803,91,889 90 76,,IV,EDUCATIVAS
AMPA CP INFANTA CATALINA,,AMPAS CP,C/ SAN VIDAL 6,28803,91,888 61 45,,III,EDUCATIVAS
AMPA CP IPLACEA,,AMPAS CP,C/ GUADARRAMA 1,28803,91,889 88 85,cp.iplacea.alcala@educa.madrid.org,IV,EDUCATIVAS
AMPA CP JUAN DE AUSTRIA,,AMPAS CP,AVDA JUAN DE AUSTRIA 17,28804,91,888 63 50,,VI,EDUCATIVAS
AMPA CP LA GARENA,,AMPAS CP,C/ ARTURO SORIA S/N,28806,,628 94 75 16,ampalagarena@yahoo.com,VIII,EDUCATIVAS
AMPA CP LUIS VIVES,,AMPAS CP,C/ LUIS VIVES 18,28803,91,880 67 91,,III,EDUCATIVAS
AMPA CP MANUEL AZAÑA,,AMPAS CP,AVDA DEL EJERCITO 5,28802,91,888 00 41,cp.manuelazana.alcala@educa.madrid.org,II,EDUCATIVAS
AMPA CP MIGUEL DE CERVANTES,,AMPAS CP,C/ GINER DE LOS RIOS 5,28804,91,888 99 73,,V,EDUCATIVAS
AMPA CP MIGUEL HERNANDEZ,,AMPAS CP,C/ LUIS DE MADRONA S/N,28805,91,888 30 40,cp.miguelhernandez.alcala@educa.madrid.org,VI,EDUCATIVAS
AMPA CP MOZART,,AMPAS CP,C/ DAMASO ALONSO 34,28806,91,878 44 27,,VIII,EDUCATIVAS
AMPA CP PABLO NERUDA,,AMPAS CP,CARRETERA DE CAMARMA S/N,28806,91,889 06 94,,VIII,EDUCATIVAS
AMPA CP REYES CATOLICOS,,AMPAS CP,C/ SAN VIDAL 4,28803,91,888 01 43,,III,EDUCATIVAS
AMPA CP SANTOS NIÑOS,,AMPAS CP,C/ NUESTRA SEÑORA DE BELEN S/N,28802,91,888 53 46,,II,EDUCATIVAS
AMPA CP ZULEMA,,AMPAS CP,C/ ENTREPEÑAS 2,28803,91,889 98 63,,IV,EDUCATIVAS
AMPA EI ARCO IRIS,,AMPAS EI,C/ VALVERDE DE ALCALA S/N,28806,91,881 14 81,escuelainfantilarcoiris@telefonica.net,VIII,EDUCATIVAS
AMPA EI CARRUSEL,,AMPAS EI,C/ VIOLETA S/N,28803,91,881 83 87,carruselinfancia@telefonica.net,III,EDUCATIVAS
AMPA EI GALATEA (La Rinconada),,AMPAS EI,C/ FUENTE DEL SOL 85,28803,91,880 85 70,,III,EDUCATIVAS
AMPA EI LA COMETA,,AMPAS EI,C/ CORDOBA 2,28804,91,883 23 56,,V,EDUCATIVAS
AMPA EI LA FLAUTA MAGICA,,AMPAS EI,C/ MARCELINO MENENDEZ Y PELAYO 49,28806,91,802 05 95,flautamagica@eiflautamagica.es,IX,EDUCATIVAS
AMPA EI LOS CUENTOS,,AMPAS EI,C/ JOSE CABALLERO 2,28805,91,883 27 70,,VI,EDUCATIVAS
AMPA EI LOS MOLINOS,,AMPAS EI,C/ JOSE RUIZ AZORIN 65,28806,91,883 11 21,,IX,EDUCATIVAS
AMPA EI PUERTA DE MADRID,,AMPAS EI,C/ JUAN DE VERGARA 6,28802,91,881 41 28,,II,EDUCATIVAS
AMPA ESCUELAS PIAS,,AMPAS CC,AVDA LOPE DE FIGUEROA 27,28804,91,889 31  58,,V,EDUCATIVAS
AMPA GABRIEL CELAYA (CP CRISTOBAL COLON),,AMPAS CP,C/ ADARGA 2,28805,91,878 71 77,,VI,EDUCATIVAS
AMPA GREDOS SAN DIEGO ALCALA,,AMPAS CC,C/ OCTAVIO PAZ 29,28806,91,830 38 64,,VIII,EDUCATIVAS
AMPA IES ALBENIZ,,AMPAS IES,C/ GARDENIA S/N,28803,91,881 68 12,,III,EDUCATIVAS
AMPA IES ALCALA NAHAR,,AMPAS IES,C/ AVILA 1,28804,91,881 93 11,,V,EDUCATIVAS
AMPA IES ALONSO DE AVELLANEDA,,AMPAS IES,C/ VITORIA 3,28804,91,888 11 74,,V,EDUCATIVAS
AMPA IES ALONSO QUIJANO,,AMPAS IES,PASEO DE LAS MORERAS 1,28803,91,882 14 11,,IV,EDUCATIVAS
AMPA IES ANTONIO MACHADO,,AMPAS IES,C/ ALALPARDO S/N,28806,91,889 24 50,ies.machado.alcala@educa.madrid.org,VIII,EDUCATIVAS
AMPA IES ARQUITECTO PEDRO GUMIEL,,AMPAS IES,C/ LOECHES 1,28806,91,889 81 62,iesarquitectopedro.alcala@educa.madrid.org,VIII,EDUCATIVAS
AMPA IES ATENEA,,AMPAS IES,C/ RIO ARLANZA 34,28803,91,881 00 32,ampatenea@telefonica.net,III,EDUCATIVAS
AMPA IES CARDENAL CISNEROS,,AMPAS IES,C/ CARDENAL SANDOVAL Y ROJAS 1,28802,91,881 72 63,,I,EDUCATIVAS
AMPA IES COMPLUTENSE,,AMPAS IES,C/ VALLADOLID 1,28804,91,889 07 22,i.complutense@terra.es,V,EDUCATIVAS
AMPA IES DOCTOR MARAÑON,,AMPAS IES,C/ ALEJO CARPENTIER 1,28806,91,878 81 37,,VIII,EDUCATIVAS
AMPA IES ESPARTALES,,AMPAS IES,C/ PIO BAROJA 7,28805,91,877 02 90,,VI,EDUCATIVAS
AMPA IES IGNACIO ELLACURIA,,AMPAS IES,C/ SENDA PERDIDA S/N,28805,91,882 34 30,,VI,EDUCATIVAS
AMPA IES ISIDRA DE GUZMAN,,AMPAS IES,C/ GARDENIA 29,28803,91,880 84 62,,III,EDUCATIVAS
AMPA IES MATEO ALEMAN ,,AMPAS IES,AVDA DEL EJERCITO 89,28802,91,888 22 64,ies.mateoaleman.alcala@educa.madrid.org,II,EDUCATIVAS
AMPA LOPE DE VEGA,,AMPAS CC,C/ LUIS DE MEDINA 12,28805,91,889 38 79,lopedevega@planalfa.es,VI,EDUCATIVAS
AMPA MINERVA,,AMPAS CC,C/ BATALLA DE LEPANTO 1,28804,91,888 13 62,,V,EDUCATIVAS
AMPA ROSALIA DE CASTRO (CP ESPARTALES),,AMPAS CP,C/ ROSALIA DE CASTRO S/N,28806,91,878 77 82,,VIII,EDUCATIVAS
AMPA SAGRADO CORAZON DE JESUS,,AMPAS CC,C/ ESCRITORIOS 6,28801,91,888 06 54,,I,EDUCATIVAS
AMPA SAN FELIPE NERI,,AMPAS CC,C/ SAN FELIPE NERI 4,28801,91,888 13 97,sfelipealcala@yahoo.es,I,EDUCATIVAS
AMPA SAN FRANCISCO DE ASIS,,AMPAS CC,C/ SANTIAGO 35,28801,91,888 00 31,,I,EDUCATIVAS
AMPA SAN GABRIEL,,AMPAS CC,"CARRETERA DE DAGANZO KM 2,300",28806,91,889 06 50,apa@colegiosangabriel.com,VIII,EDUCATIVAS
AMPA SAN IGNACIO DE LOYOLA,,AMPAS CC,C/ CONCEPCION ARENAL 3,28806,91,887 11 14,siloyolaah@planalfa.es,VI,EDUCATIVAS
AMPA SAN JOAQUIN Y SANTA ANA,,AMPAS CC,C/ SANTANDER 1,28804,91,889 46 42,sjsa@sanjoaquinysantaana.e.telefonica.net,V,EDUCATIVAS
AMPA STA Mª DE LA PROVIDENCIA,,AMPAS CC,C/ HUERTAS 4,28807,91,881 94 09,acpa@smprovidencia.org,VII,EDUCATIVAS
ANTIGUAS ALUMNAS FILIPENSES,,exalumnos,C/ ESCRITORIOS 4-6,28801,91,888 11 87,,I,EDUCATIVAS
ASOCIACION ANTIGUOS ALUMNOS DE ESCOLAPIOS,,exalumnos,C/ LOPE DE FIGUEROA 27 BAJO,28804,91,889 31 58,,V,EDUCATIVAS
ASOCIACION CIVIL CALIMERO,,educación infantil,AVDA REYES CATOLICOS 24,28802,91,882 74 63,,II,EDUCATIVAS
ASOCIACION CULTURAL DEL DON JUAN I,,exalumnos,C/ DAOIZ Y VELARDE 28,28807,91,881 51 56,,VII,EDUCATIVAS
ASOCIACION DE AMIGOS DE LA UNIVERSIDAD DE ALCALA,                                         ,universitarias,C/ SANTA URSULA 1 BAJO,28801,91,885 50 43,asociacionamigos.ua@uah.es,I,EDUCATIVAS
ASOCIACION DE ANTIGUAS ALUMNAS DE  EMA,,exalumnos,C/ ARCIPRESTE DE HITA S/N ESC MUNICIPAL PERSONAS ADULTAS,28801,91,882 46 91,ema@ayto-alcaladehenares.es,I,EDUCATIVAS
"ASOCIACION DE ANTIGUAS ALUMNAS EPA ""DON JUAN I""",,exalumnos,C/ DAOIZ Y VELARDE 28 ESCUELA ADULTOS DON JUAN I,28807,91,881 51 56,pumer_pumer@hotmail.com,VII,EDUCATIVAS
ASOCIACION DE ANTIGUOS ALUMNOS DE LA UNIVERSIDAD DE ALCALA,,exalumnos,C/ STA URSULA 1 1ª PLANTA,28801,91,885 50 31,antiguos.alumnos@uah.es,I,EDUCATIVAS
ASOCIACION DE ANTIGUOS ALUMNOS DE LA UNIVERSIDAD DE ALCALA,,universitarias,C/ SANTA URSULA 1 1ª PLANTA,28801,91,885 50 31,antiguos.alumnos@uah.es,I,EDUCATIVAS
ASOCIACION DE CIENCIAS AMBIENTALES,,universitarias,FACULTAD DE CC AMBIENTALES CAMPUS UNIVERSITARIO,28805,,,aca@ciencias-ambientales.org,VI,EDUCATIVAS
ASOCIACION DE ESTUDIANTES EXTRACOMUNITARIOS,AEX,univestritarias,PLAZA SAN DIEGO S/N OFICINA RELACIONES INTERNACIONALES,28801,91,885 40 85,aex.avisos@gmail.com,I,EDUCATIVAS
ASOCIACION DE ESTUDIANTES PARA LA INVESTIGACION Y DESARROLLO ,ASEDI,universitarias,ESCUELA POLITECNICA CAMPUS UNIVERSITARIO,28805,91,885 65 37,,VI,EDUCATIVAS
ASOCIACION DE ESTUDIANTES Y LICENCIADOS DE FARMACIA POR ALCALA ,AELFA,universitarias,FACULTAD DE FARMACIA CAMPUS UNIVERSITARIO,28805,91,885 46 65,aelfitos@gmail.com,VI,EDUCATIVAS
ASOCIACION DE MADRES PADRES Y TUTORES DE ALCALA DE HENARES DEL CENTRO OCUPACIONAL MUNICIPAL,,AMPAS varias,C/ SIGUENZA S/N CENTRO DE S SOCIALES,28804,91,882 92 21,com.amptah@hotmail.com,V,EDUCATIVAS
ASOCIACION DE PADRES DE NIÑOS DE HABLA POLACA,POLONICA,AMPAS varias,C/ ENTREPEÑAS 4 C COMERCIAL NUEVA ALCALA CC RAFAEL ALBERTI,28803,,661 20 20 47,asociacionpolonica@yahoo.com,IV,EDUCATIVAS
ASOCIACION DE PADRES DEL CONSERVATORIO DE MUSICA DE ALCALA DE HENARES,,AMPAS varias,C/ ALALPARDO S/N,28806,91,882 05 45,,VIII,EDUCATIVAS
ASOCIACION ERASMUS STUDENT NETWORK,ESN,universitarias,PLAZA DE LA VICTORIA S/N FACULTAD CCEE,28802,,637 70 90 25,info@esnalcala.org,I,EDUCATIVAS
ASOCIACION INFANTIL FROBEL,,educación infantil,AVDA REYES MAGOS 13,28806,91,880 22 43,cngarabatos@hotmail.com,VIII,EDUCATIVAS
ASOCIACION PABLO MONTESINOS,,educación infantil,C/ VIOLETA 17,28803,91,881 83 87,carruselinfancia@telefonica.net,III,EDUCATIVAS
ASOCIACION UNIVERSITARIA GURUCAN ,AUG,universitarias,"FACULTAD DE BIOLOGIA EDIFIC DE CIENCIAS CAMPUS UNIV CTRA MADRID BARCELONA KM 33,600",28805,91,889 22 07,,VI,EDUCATIVAS
AULA DE TEATRO,,escuela de teatro,C/ TRINIDAD 5,28801,91,883 28 69,teatro@cenah.es,I,EDUCATIVAS
AULA DE TEATRO,,universitarias,C/ TRINIDAD 5,28801,91,883 28 69,teatro@cenah.es,I,EDUCATIVAS
CORO DE LA UNIVERSIDAD DE ALCALA DE HENARES,,universitarias,DPTO QCA ORGANICA FACULTAD FARMACIA CAMPUS UNIVERSITARIO,28805,91,885 46 15,coro.universitario@uah.es,VI,EDUCATIVAS
DELEGACION DE ALUMNOS DE AMBIENTALES,,delegación de alumnos,CAMPUS UNIVERSITARIO FACULTAD DE CIENCIAS AMBIENTALES,28805,91,885 51 43,deleg.ambientales@alu.uah.es,VI,EDUCATIVAS
DELEGACION DE ALUMNOS DE BIBLIOTECONOMIA Y DOCUMENTACION,,delegación de alumnos,C/ SAN CIRILO S/N,28801,91,885 50 11,,I,EDUCATIVAS
DELEGACION DE ALUMNOS DE BIOLOGIA,,delegación de alumnos,CAMPUS UNIVERSITARIO FACULTAD DE CIENCIAS,28805,91,885 50 84,deleg.biologia@uah.es,VI,EDUCATIVAS
DELEGACION DE ALUMNOS DE CIENCIAS ECONOMICAS Y EMPRESARIALES,,delegación de alumnos,PLAZA DE LA VICTORIA 3,28802,91,885 42 59,deleg.fcee@uah.es,I,EDUCATIVAS
DELEGACION DE ALUMNOS DE DERECHO,,delegación de alumnos,C/ LIBREROS 17,28801,91,885 43 90,deleg.derecho@uah.es,I,EDUCATIVAS
DELEGACION DE ALUMNOS DE ENFERMERIA,,delegación de alumnos,CAMPUS UNIVERSITARIO ESCUELA DE ENFERMERIA Y FISIOTERAPIA,28805,91,885 48 12,deleg.enfer@uah.es,VI,EDUCATIVAS
DELEGACION DE ALUMNOS DE FARMACIA,,delegación de alumnos,CAMPUS UNIVERSITARIO FACULTAD DE FARMACIA,28805,91,885 46 65,deleg.farmacia@alu.uah.es,VI,EDUCATIVAS
DELEGACION DE ALUMNOS DE FILOSOFIA Y LETRAS,,delegación de alumnos,C/ COLEGIOS 2,28801,91,885 44 36,alum.fyletras@uah.es,I,EDUCATIVAS
DELEGACION DE ALUMNOS DE FISIOTERAPIA,,delegación de alumnos,CAMPUS UNIVERSITARIO ESCUELA DE ENFERMERIA Y FISIOTERAPIA,28805,91,885 48 11,deleg.fisio@uah.es,VI,EDUCATIVAS
DELEGACION DE ALUMNOS DE LA ESCUELA POLITECNICA DE LA UAH,,delegación de alumnos,CAMPUS UNIVERSITARIO ESCUELA POLITECNICA,28805,91,885 65 37,deleg.politecnico@uah.es,VI,EDUCATIVAS
DELEGACION DE ALUMNOS DE MEDICINA,,delegación de alumnos,CAMPUS UNIVERSITARIO FACULTAD DE MEDICINA,28805,91,885 45 59,delegacionmedicina@yahoo.es,VI,EDUCATIVAS
DELEGACION DE ALUMNOS DE QUIMICAS,,delegación de alumnos,CAMPUS UNIVERSITARIO FACULTAD DE CIENCIAS,28805,91,885 49 12,deleg.quimica@uah.es,VI,EDUCATIVAS
EALA ESCUELA DE TIEMPO LIBRE ,EALA,escuela de animación sociocultural ,AVDA DE LOS JESUITAS 34,28805,91,889 09 59,eala@navegalia.com,VI,EDUCATIVAS
ESCUELA DE ANIMACION SOCIOCULTURAL Y EDUCACION EN EL TIEMPO LIBRE HENAR,HENAR,escuela de animación sociocultural ,AVDA VIRGEN DEL VAL 2,28804,91,889 66 12,asociacion.henar@gmail.com,V,EDUCATIVAS
ESCUELA DE MUSICA MATEO DE TORRES,,escuela de música,RONDA FISCAL 38,28803,91,881 61 79,escuela@musicaenalcala.com,III,EDUCATIVAS
FEDERACION DE ASOCIACIONES DE PADRES DE ALUMNOS ,FAPA,AMPAS CP,C/ DAOIZ Y VELARDE 9 ,28807,91,883 49 89,,VII,EDUCATIVAS
FEDERACION ESPAÑOLA DE ESTUDIANTES DE FARMACIA,FEEF,universitarias,FACULTAD DE FARMACIA CAMPUS UNIVERSITARIO,28805,91,885 46 65,aelfitos@gmail.com,VI,EDUCATIVAS
GRUPO ORNITOLOGICO ALCEDO,,universitarias,FACULTAD DE BIOLOGIA CAMPUS UNIVERSITARIO,28805,91,885 40 00,goalcedo@hotmail.com,VI,EDUCATIVAS
IFMSA ALCALA,IFMSA,universitarias,FACULTAD DE MEDICINA CAMPUS UNIVERSITARIO,28805,91,885 45 59,ifmsaalcala@yahoo.es,VI,EDUCATIVAS
SOCIEDAD DE AMIGOS DEL JARDIN BOTANICO,,universitarias,JARDIN BOTANICO CAMPUS UNIVERSITARIO,28805,91,881 98 03,jardin.botanico@uah.es,VI,EDUCATIVAS
SOCIEDAD ESPAÑOLA PARA LA CONSERVACION Y EL ESTUDIO DE LOS MURCIELAGOS,SECEMU,universitarias,FACULTAD DE BIOLOGIA CAMPUS UNIVERSITARIO,28805,91,885 40 00,secemu@ctv.es,VI,EDUCATIVAS
ASOCIACION COMERCIAL Y EMPRESARIAL DEL CENTRO HISTORICO DE ALCALA DE HENARES,ACOCAMA,asociaciones de comerciantes,C/ DAOIZ Y VELARDE 11 1ºA-1ºB,28807,91,888 11 46,fecohe@fecohe.es,VII,"EMPRESARIOS, COMERCIANTES Y CONSUMIDORES"
ASOCIACION COMERCIANTES CHINOS DE ALCALA DE HENARES,,asociaciones de comerciantes,CAMINO VIEJO DE LA ESGARAVITA 32 BAJO LOCAL 11,28804,91,882 12 75,lili1967@hotmail.com,V,"EMPRESARIOS, COMERCIANTES Y CONSUMIDORES"
ASOCIACION DE ARTESANOS DEL HENARES,,asociaciones de comerciantes,C/ DAOIZ Y VELARDE 11 1ºA-1ºB,28807,91,888 11 46,fecohe@fecohe.es,VII,"EMPRESARIOS, COMERCIANTES Y CONSUMIDORES"
ASOCIACION DE CERVECERIAS Y CAFETERIAS DEL HENARES,ACECADHE,asociaciones de comerciantes,C/ DAOIZ Y VELARDE 11 1ºA-1ºB,28807,91,888 11 46,fecohe@fecohe.es,VII,"EMPRESARIOS, COMERCIANTES Y CONSUMIDORES"
ASOCIACION DE COMERCIANTES Y PROFESIONALES DE REYES CATOLICOS DE ALCALA DE HENARES,,asociaciones de comerciantes,C/ DAOIZ Y VELARDE 11 1ºA-1ºB,28807,91,888 11 46,fecohe@fecohe.es,VII,"EMPRESARIOS, COMERCIANTES Y CONSUMIDORES"
ASOCIACION DE COMERCIANTES Y PROFESIONALES DEL BARRIO DE LA RINCONADA DE ALCALA DE HENARES,ACOR,asociaciones de comerciantes,C/ DAOIZ Y VELARDE 11 1ºA-1ºB,28807,91,888 11 46,fecohe@fecohe.es,VII,"EMPRESARIOS, COMERCIANTES Y CONSUMIDORES"
"ASOCIACION DE COMERCIANTES, EMPRESARIOS Y PROFESIONALES DE LA CIUDAD DE ALCALA DE HENARES",,asociaciones de comerciantes,C/ DAOIZ Y VELARDE 11 1ºA-1ºB,28807,91,888 11 46,fecohe@fecohe.es,VII,"EMPRESARIOS, COMERCIANTES Y CONSUMIDORES"
ASOCIACION DE CONSUMIDORES Y USUARIOS DE LA REGION DE MADRID,ACUREMA,asociaciones de consumidores,C/ DAOIZ Y VELARDE 28 2ª PLANTA,28807,,672 09 58 59,acurema@fecumadrid.org,VII,"EMPRESARIOS, COMERCIANTES Y CONSUMIDORES"
ASOCIACION DE EMPRESARIOS DEL HENARES,AEDHE,asociaciones de empresarios,AVDA JUAN CARLOS I 13 PLANTA 10 TORRE GARENA,28806,91,889 50 61,aedhe@aedhe.es,VIII,"EMPRESARIOS, COMERCIANTES Y CONSUMIDORES"
ASOCIACION DE HOSTELEROS DE ALCALA,AHOSAL,asociaciones de comerciantes,C/ DAOIZ Y VELARDE 11 1ºA-1ºB,28807,91,888 11 46,fecohe@fecohe.es,VII,"EMPRESARIOS, COMERCIANTES Y CONSUMIDORES"
ASOCIACION DE LIBREROS Y PAPELEROS DE ALCALA DE HENARES,ALPAH,asociaciones de comerciantes,C/ DAOIZ Y VELARDE 11 1ºA-1ºB,28807,91,888 11 46,fecohe@fecohe.es,VII,"EMPRESARIOS, COMERCIANTES Y CONSUMIDORES"
ASOCIACION DE MUJERES COMERCIANTES Y EMPRESARIAS DEL CORREDOR DEL HENARES,,asociaciones de comerciantes,C/ DAOIZ Y VELARDE 11 1ºA-1ºB,28807,91,888 11 46,fecohe@fecohe.es,VII,"EMPRESARIOS, COMERCIANTES Y CONSUMIDORES"
ASOCIACION DE PASTELEROS Y PANADEROS DE ALCALA DE HENARES,,asociaciones de comerciantes,C/ DAOIZ Y VELARDE 11 1ºA-1ºB,28807,91,888 11 46,fecohe@fecohe.es,VII,"EMPRESARIOS, COMERCIANTES Y CONSUMIDORES"
ASOCIACION DE PEQUEÑOS Y MEDIANOS EMPRESARIOS Y AUTONOMOS DEL CORREDOR DEL HENARES,,asociaciones de comerciantes,C/ DAOIZ Y VELARDE 11 1ºA-1ºB,28807,91,888 11 46,fecohe@fecohe.es,VII,"EMPRESARIOS, COMERCIANTES Y CONSUMIDORES"
"ASOCIACION DE PROFESIONALES DE LA CALLE TALAMANCA, DEL ANGEL Y SUS ADYACENTES",ACOTA,asociaciones de comerciantes,C/ DAOIZ Y VELARDE 11 1ºA-1ºB,28807,91,888 11 46,fecohe@fecohe.es,VII,"EMPRESARIOS, COMERCIANTES Y CONSUMIDORES"
ASOCIACION INDEPENDIENTES DEL HENARES,,asociaciones de comerciantes,C/ DAOIZ Y VELARDE 11 1ºA-1ºB,28807,91,888 11 46,fecohe@fecohe.es,VII,"EMPRESARIOS, COMERCIANTES Y CONSUMIDORES"
FEDERACION DE EMPRESAS Y COMERCIOS DEL HENARES,FECOHE,federaciones,C/ DAOIZ Y VELARDE 11 1ºA-1ºB,28807,91,888 11 46,fecohe@fecohe.es,VII,"EMPRESARIOS, COMERCIANTES Y CONSUMIDORES"
FOMENTUR,,asociaciones de empresarios,C/ LINARES 2 LOCAL 10 A,28804,91,280 22 22,fincas@pulidogestion.com,V,"EMPRESARIOS, COMERCIANTES Y CONSUMIDORES"
"INFORMACION, FORMACION Y DEFENSA DE CONSUMIDORES Y USUARIOS",INFORMACU ALCALA,asociaciones de consumidores,APARTADO DE CORREOS 255,28800,91,880 65 36,,,"EMPRESARIOS, COMERCIANTES Y CONSUMIDORES"
ALCOHOLICOS ANONIMOS CERVANTES,,,C/ RICO HOME 3-5,28801,91,880 88 86,arcolay@hotmail.com,I,INTEGRACION SOCIAL
ALHENA CENTRO DE APOYO A LOS DISCAPACITADOS,ACADI,,C/ SALVADOR DE MADARIAGA 30,28806,,616 36 44 96,carmen_solanas@hotmail.com,VI,INTEGRACION SOCIAL
ASOCIACION BENEFICO CULTURAL BASES INFORMATICAS TECNOLOGICAS ALCALA,BIT,, C/ GALLEGOS 12 ESC IZQ 4º C,28807,,645 58 63 88,nievesmps@hotmail.com,VII,INTEGRACION SOCIAL
ASOCIACION BETEL,,,"CARRETERA DE PASTRANA KM 2,100",28803,91,525 22 22,,III,INTEGRACION SOCIAL
ASOCIACION DE AMIGOS DEL HOSPITAL PRINCIPE DE ASTURIAS,,,C/ NUESTRA SEÑORA DEL PILAR 13 1º B,28803,,607 76 08 43,,III,INTEGRACION SOCIAL
ASOCIACION DE AMIGOS DENTRO Y FUERA,ADYF,,C/ SANTO TOMAS DE AQUINO 3,28804,91,882 12 20,,IV,INTEGRACION SOCIAL
ASOCIACION DE AYUDA A LAS VICTIMAS DEL 11 M,,,C/ SIMON GARCIA DE PEDRO S/N,28805,91,879 81 49,info@ayuda11M.org,VI,INTEGRACION SOCIAL
ASOCIACION DE AYUDA ANTIALCOHOLICA REHABILITADORA,ASAYAR,,C/ DIEGO LOPEZ DE ZUÑIGA 26 LOCAL,28802,,686 71 42 55,geradoazuar@mi.madritel.es,II,INTEGRACION SOCIAL
ASOCIACION DE DIABETICOS DE ALCALA Y CORREDOR DEL HENARES,ADA,,C/ DAOIZ Y VELARDE 28 1º IZQ,28807,91,878 81 97,adaalcala@yahoo.com,VII,INTEGRACION SOCIAL
ASOCIACION DE ENFERMOS Y FAMILIARES DE ALZHEIMER Y OTRAS ENFERMEDADES NEURODEGENERATIVAS ,AFA ALCALA,,C/ GARCILASO DE LA VEGA 4,28804,91,889 71 70,info@afalcala.org,V,INTEGRACION SOCIAL
ASOCIACION DE ENFERMOS Y FAMILIARES DE ESCLEROSIS MULTIPLE,AEFEM,,AVDA REYES CATOLICOS 9,28803,,677 51 36 92,aefemhenares@terra.es,III,INTEGRACION SOCIAL
ASOCIACION DE FAMILIAS NUMEROSAS,,,C/ VIRGEN DE LORETO 8 3º D,28805,,654 56 49 27,alcalafamilias@hotmail.com,VI,INTEGRACION SOCIAL
ASOCIACION DE FIBROMIALGIA DE LA COMUNIDAD DE MADRID,AFIBROM,,C/ MARQUES DE MONDEJAR S/N,28803,91,882 25 60,afibrom@afibrom.org,III,INTEGRACION SOCIAL
ASOCIACION DE PADRES CON HIJOS MINUSVALIDOS PSIQUICOS DE ALCALA,APHISA,,C/ TENIENTE RUIZ 2 3º A,28805,91,889 48 64,residencia@aphisa.org,VI,INTEGRACION SOCIAL
ASOCIACION DE SORDOS DE ALCALA DE HENARES,,,C/ PABLO CORONEL 34 BAJO ESQUINA PLAZA 1 DE MAYO,28802,,629 25 05 45,a_sordos_a_h@hotmail.com,II,INTEGRACION SOCIAL
ASOCIACION DE TRABAJOS SOCIALES CON COMUNIDADES Y CON PERSONAS,TSCP,,C/ MARIO VARGAS LLOSA 3 C-15,28806,,666 28 00 70,trabajosocialcomunidadypersona@gmail.com,VIII,INTEGRACION SOCIAL
ASOCIACION EN DEFENSA DE ANOREXIA Y BULIMIA,ADANER,,C/ GIL DE ANDRADE 5,28804,91,880 69 75,adaneralcala@tiscali.es,VI,INTEGRACION SOCIAL
ASOCIACION ESPAÑOLA CONTRA EL CANCER ,AECC,,C/ DAOIZ Y VELARDE 28 1ª PLANTA,28807,91,883 08 62,,VII,INTEGRACION SOCIAL
ASOCIACION ESPAÑOLA DE OBESIDAD MORVIDA ,AEEOM,,C/ GIL DE ANDRADE 5 ,28804,,629 12 73 03,,VI,INTEGRACION SOCIAL
ASOCIACION HECRIDEVIAM,,,C/ RIO EBRO 20,28804,,649 61 29 28,,IV,INTEGRACION SOCIAL
ASOCIACION IGLESIA COMO LAS AGUILAS,,,C/ ANIMAS 11,28804,91,882 77 88,nestorclaudiofernandez@hotmail.com,V,INTEGRACION SOCIAL
ASOCIACION MUSICA Y DISCAPACIDAD,,,C/ PADRE EMILIO DE MIGUEL CONCHA 56,28806,91,830 53 58,escuelamyd@gmail.com,VIII,INTEGRACION SOCIAL
ASOCIACION PARA EL CRECIMIENTO PERSONAL Y LA SALUD,,,C/ RICO HOME 3-5,28801,,679 78 55 69,acpsalud@terra.es,I,INTEGRACION SOCIAL
ASOCIACION PARA LA INTEGRACION SOCIAL DE ENFERMOS PSIQUICOS,APISEP,,C/ PABLO CORONEL 34 LOCAL,28802,91,883 29 70 ,apisepnet@jazfree.com,II,INTEGRACION SOCIAL
ASOCIACION PARA PERSONAS CON TRASTORNO DEL ESPECTRO AUTISTA,ASTEA HENARES,,C/ MARQUES DE MONDEJAR S/N,28803,91,878 82 96,asteahenares@yahoo.es,III,INTEGRACION SOCIAL
ASOCIACION PRODERECHOS DEL NIÑO SOS PAPA MADRID ,,,CAMINO DEL JUNCAL 3 3º C,28802,,626 48 81 92,juancarlos@sospapa.es,II,INTEGRACION SOCIAL
ASOCIACION PROVIDA ALCALA DE HENARES,,,C/ LEOPOLDO ALAS CLARIN 13,28806,91,878 76 60,alcala@provida.es,VIII,INTEGRACION SOCIAL
ASOCIACION REMAR,,,AVDA GUADALAJARA 38 BAJO,28805,,690 11 53 98,juanlu@visual777.com,VI,INTEGRACION SOCIAL
ATLAS EN DEFENSA DE LA ADOPCION,,,C/ TORRELAGUNA 21 ,28806,91,888 43 80,,VIII,INTEGRACION SOCIAL
CARITAS DIOCESANA DE ALCALA DE HENARES,,,VIA COMPLUTENSE 8,28802,91,883 20 45,caritasalcala@telefonica.net,I,INTEGRACION SOCIAL
CLUB UNESCO ALCALA DE HENARES,,,C/ DAOIZ Y VELARDE 28,28807,,696 44 15 06,,VII,INTEGRACION SOCIAL
COLECTIVO DE ACCION PARA EL JUEGO Y LA EDUCACION ,CAJE,,C/ DIEGO LOPEZ DE ZUÑIGA 28,28802,91,882 61  57,juanillocaje@hotmail.com,II,INTEGRACION SOCIAL
EQUIPO DE APOYO INTEGRAL MADRID,TANIT,,AVDA VIRGEN DEL VAL 11 6º B,28804,91,888 54 28,,V,INTEGRACION SOCIAL
ESCUELA POPULAR CHINCHACHOMA,,,C/ PEDRO DE LERMA 2,28802,91,280 67 88,escuelap@escuelaparatodos.org,II,INTEGRACION SOCIAL
"FUNDACION SOCIAL ""CRISTO DE LA PAZ""",,,PASEO DE LOS CURAS 26,28803,91,889 38 39,,III,INTEGRACION SOCIAL
"GRUPO DE APOYO Y SEGUIMIENTO AL JOVEN ""FENIX""",,,C/ DAOIZ Y VELARDE 28 2º IZQ,28807,91,881 37 10,grupofenix@wanadoo.es,VII,INTEGRACION SOCIAL
GRUPO DE TERAPIA ANTIALCOHOLICA REHABILITADORA,GRUTEAR,,C/ DAOIZ Y VELARDE 9 1º,28807,91,889 41 19,,VII,INTEGRACION SOCIAL
LA SAL DE LA TIERRA,,,C/ MEJORADA DEL CAMPO 5,28806,91,883 39 58,lasalmadrid@terra.es,VIII,INTEGRACION SOCIAL
LAS NAVES. CENTRO DE FORMACION Y ATENCION SOCIOEDUCATIVA,,,C/ RIO TAJUÑA 2,28803,91,881 69 39,lasnaves@pinardi.com,III,INTEGRACION SOCIAL
ORGANIZACION NACIONAL DE CIEGOS ,ONCE,,C/ LUIS DE TORRES 6,28805,91,888 03 18,,VI,INTEGRACION SOCIAL
PATRONATO SAN JOSE PARA IMPEDIDAS,,,AVDA DE MECO 14 BAJO,28805,91,889 35 70,,VI,INTEGRACION SOCIAL
PROYECTO HOMBRE,,,AVDA REYES CATOLICOS 26,28802,,,phgu@ph.e.telefonica.net,II,INTEGRACION SOCIAL
VEN,,,C/ EDUARDO PASCUAL Y CUELLAR 1,28806,,677 69 78 62,asociacion_ven@hotmail.com,VIII,INTEGRACION SOCIAL
ASOCIACION DE GLAUCOMA PARA AFECTADOS Y FAMILIARES,,,C/ DAOIZ Y VELARDE 28 PLANTA BAJA DCHA,28807,91,889 58 89,asociaciondeglaucoma@yahoo.es,VII,INTEGRACION SOCIAL 
AGUILA BLANCA,,,PLAZA DEL BARRO 2 3º B,28803,,606 23 77 46,info@aguilablanca.org,III,INTERCULTURAL Y ONG
AMNESTY INTERNATIONAL,,,C/ DAOIZ Y VELARDE 28 1ª PLANTA,28807,,651 82 39 32,alcala@madrid.es.amnesty.org,VII,INTERCULTURAL Y ONG
ASOCIACION AFRICA HERITAGE DE ALCALA,,,C/ SAN FRUCTUOSO 8 Bº B,28802,,626 80 86 01,stgahdt@yahoo.co.uk,II,INTERCULTURAL Y ONG
ASOCIACION ALMADINA DE ALCALA DE HENARES,,,C/ CALASANZ 2,28805,,646 74 61 31,,VI,INTERCULTURAL Y ONG
ASOCIACION CULTURAL DE AYUDA E INTEGRACION AL PUEBLO RUMANO,,,CAMINO VIEJO DELA ESGARAVITA 12 1º B,28805,,678 05 62 34,asromalcala2002@yahoo.es,VI,INTERCULTURAL Y ONG
ASOCIACION DE AMIGOS DEL PUEBLO SAHARAUI,,,CAMINO DE JESUITAS S/N C C GILITOS,28805,,690 39 71  53,saharalcala@hotmail.com,V,INTERCULTURAL Y ONG
ASOCIACION DE AYUDA A LA REPUBLICA DOMINICANA ,ASOCARDE,,C/ NUESTRA SEÑORA DE BELEN 33 3º B,28802,91,880 92 19,asocarde@hotmail.com,II,INTERCULTURAL Y ONG
ASOCIACION DE INMIGRANTES MARKASA PERU,,,C/ JUAN DE SOTO 6 4º D,28804,,678 37 02 34,,V,INTERCULTURAL Y ONG
ASOCIACION DE SOLIDARIDAD CON LOS TRABAJADORES INMIGRANTES ,ASTI,,VIA COMPLUTENSE 8,28802,91,888 53 26,,I,INTERCULTURAL Y ONG
ASOCIACION DE UCRANIANOS DE ALCALA DE HENARES,,,C/ BUENDIA 6 2º B,28803,,615 64 31 93,ukrshkolaalcala@bigmir.net,III,INTERCULTURAL Y ONG
ASOCIACION PARA EL DESARROLLO HUMANO INTEGRAL Y SOSTENIBLE,ADHIS,,C/ MIGUEL ANGEL 5 6º D,28802,91,280 60 80,ongadhis@yahoo.es,II,INTERCULTURAL Y ONG
ASOCIACION UNION HISPANO RUMANA DACIA EN ALCALA DE HENARES ,,,C/ FEDERICO GARCIA LORCA 23 2º A,28806,,665 11 65 58,uniunea@gmail.com,IX,INTERCULTURAL Y ONG
AYUDA EN ACCION,,,C/ JOSE RUIZ AZORIN 55 1º D,28806,,667 29 42 10,frang2@hotmail.com,VIII,INTERCULTURAL Y ONG
BALCANIA SOLIDARIDAD CON LOS BALCANES,,,AVDA REYES CATOLICOS 26,28802,,656 27 89 47,info@balcania.org,II,INTERCULTURAL Y ONG
CARITAS DIOCESANA DE ALCALA DE HENARES,,,VIA COMPLUTENSE 8,28802,91,883 20 45,caritasalcala@telefonica.net,I,INTERCULTURAL Y ONG
CENTRO EUROPEO IBEROANDINO,,,C/ JUAN DE SOTO 6 4º D,28804,,678 37 02 34,,V,INTERCULTURAL Y ONG
COLECTIVO GITANO MAYA,,,C/ PABLO CORONEL 4,28802,91,280 67 11,,II,INTERCULTURAL Y ONG
CRUZ ROJA ESPAÑOLA,,,C/PEDRO SARMIENTO DE GAMBOA 3,28805,91,883 60 63,cl-alcala@cruzroja.es,VI,INTERCULTURAL Y ONG
FONDO DE NACIONES UNIDAS PARA LA INFANCIA,UNICEF ESPAÑA,,C/ DAOIZ Y VELARDE 28,28807,91,883 20 74,alcalahenares@unicef.es,VII,INTERCULTURAL Y ONG
FUNDACION PARA EL DESARROLLO HUMANO DE AFRICA,,,C/ NICOLAS DE OVANDO 4 1º C,28802,,648 65 51 33,info@africanfuture.org,II,INTERCULTURAL Y ONG
MANOS UNIDAS ,,,VIA COMPLUTENSE 8,28802,91,883 35 44,alcaladehenares@manosunidas.org,I,INTERCULTURAL Y ONG
SOLIDARIDAD Y COOPERACION ENTRE ESPAÑA Y AMERICA LATINA,SOCEALA,,C/ RIO TAJUÑA 5 3ºC,28803,91,881 23 39,info@soceala.org,IV,INTERCULTURAL Y ONG
ACCION CATOLICA GENERAL DE INFANCIA,,,C/ DOCTORA DE ALCALA S/N PARROQUIA SAN ISIDRO,28807,,626 84 09 02,cd_alcala@yahoo.es,VII,JUVENILES E INFANTILES
AMIGOS POR EL FRISBEE,,,C/ DAOIZ Y VELARDE 16 2º C,28807,,653 96 84 94,joshuamigue@hotmail.com,VII,JUVENILES E INFANTILES
ASOCIACION CULTURAL PEÑALEN,,,C/ CARDENAL CISNEROS 26 2º,28802,91,882 31 93,penalen.alcala@ono.com,I,JUVENILES E INFANTILES
ASOCIACION CULTURAL ZARCO,,,C/ SANTIAGO 42,28801,,676 19 32 22,clubzarco@gmail.com,I,JUVENILES E INFANTILES
ASOCIACION EXCURSIONISTA Y DE TIEMPO LIBRE ALTER EGO,,,AVDA VIRGEN DEL VAL 2 ,28804,91,889 66 12,,V,JUVENILES E INFANTILES
ASOCIACION GRUPO SCOUT 291 ALFA CENTAURO,,,C/ RIO TAJO 18,28804,,651 98 93 26,info@grupo291.com,IV,JUVENILES E INFANTILES
ASOCIACION JUVENIL LAS NAVES,,,C/ RIO TAJUÑA 2,28803,91,882 26 44,lasnaves@valdoco.com,III,JUVENILES E INFANTILES
ASOCIACION JUVENIL NONOS,,,C/ PABLO CORONEL 30 BAJO POST,28802,,650 03 41 97,nonosasoc@yahoo.es,II,JUVENILES E INFANTILES
CENTRO CULTURAL Y JUVENIL ADAC,,,C/ JUAN DE ZUÑIGA 3 1º B,28805,,662 40 45 03,asociacionculturaladac@hotmail.com,V,JUVENILES E INFANTILES
CENTRO JUVENIL CISNEROS,,,C/ CARDENAL CISNEROS 5-7,28801,91,888 04 97,cisneros@valdoco.com,I,JUVENILES E INFANTILES
CENTRO JUVENIL SAN FRANCISCO,,,AVDA REYES CATOLICOS 26,28802,91,889 06 69,,II,JUVENILES E INFANTILES
COLECTIVO DE ACCION PARA EL JUEGO Y LA EDUCACION,CAJE,,C/ DIEGO LOPEZ DE ZUÑIGA 28,28802,91,882 61 57,juanillocaje@hotmail.com,II,JUVENILES E INFANTILES
CRUZ ROJA ESPAÑOLA,,,C/ PEDRO SARMIENTO DE GAMBOA 3,28805,91,883 60 63,cl-alcala@cruz roja.es,VI,JUVENILES E INFANTILES
DEPARTAMENTO DE JUVENTUD DE CCOO,,,VIA COMPLUTENSE 19,28807,91,280 06 52,corredorccoo@mi.madritel.es,VII,JUVENILES E INFANTILES
DEPARTAMENTO DE JUVENTUD DE UGT,,,C/ SIMON GARCIA DE PEDRO 2,28805,91,888 08 18,uceste@madrid.ugt.org,VI,JUVENILES E INFANTILES
GRUPO SCOUT 566 BETELGEUSE DE EXPLORADORES DE MADRID,,,"CLUB MILITAR ""MIGUEL DE CERVANTES"" CTRA DE MECO S/N ",28805,,685 85 42 31,info@grupo566.com,V,JUVENILES E INFANTILES
GRUPO SCOUT MSC CALASANZ VAL,,,C/ MURILLO 15 4º D,28807,,645 57 24 02,info@calasanz-val.org,VII,JUVENILES E INFANTILES
GUPIS DE ALCALA DE HENARES,,,C/ LOPE DE RUEDA 2 4º E ESC DCHA,28805,91,880 18 56,,VI,JUVENILES E INFANTILES
JOVENES DE ACCION CATOLICA ,JAC,,C/ DOCTORA DE ALCALA S/N PARROQUIA SAN ISIDRO,28807,,696 33 82 83,cd_alcala@yahoo.es,VII,JUVENILES E INFANTILES
JUVENTUD COMUNISTA,,,RONDA DE PESCADERIA 10,28801,91,889 73 07,alcala@jcmadrid.org,I,JUVENILES E INFANTILES
JUVENTUDES SOCIALISTAS,,,C/ RIO MIÑO 3 Bº IZQ,28804,91,883 26 66,jjss.alcala@gmail.com,IV,JUVENILES E INFANTILES
LA TABERNA DEL PONEY PISADOR,,,AVDA VIRGEN DEL VAL 2 ,28804,91,889 66 12,,V,JUVENILES E INFANTILES
LAS NAVES. CENTRO DE FORMACION Y ATENCION SOCIOEDUCATIVA,,,C/ RIO TAJUÑA 2,28803,91,881 69 39,lasnaves@pinardi.com,III,JUVENILES E INFANTILES
NUEVAS GENERACIONES PARTIDO POPULAR,,,PLAZA DE CERVANTES 29 1º CENTRO,28801,91,889 20 33,,I,JUVENILES E INFANTILES
ASOCIACION CULTURAL ENEA,,,AVDA VIRGEN DEL VAL 2 ,28804,,646 26 99 66,natalia.franco.malletti@gmail.com,V,MEDIOAMBIENTE
ASOCIACION DE CACTOFILOS,,,JARDIN BOTANICO CAMPUS UNIVERSITARIO,28805,91,881 98 03,jardin.botanico@uah.es,VI,MEDIOAMBIENTE
ASOCIACION DE CIENCIAS AMBIENTALES,,,FACULTAD DE CC AMBIENTALES CAMPUS UNIVERSITARIO,28805,,,aca@ciencias-ambientales.org,VI,MEDIOAMBIENTE
ASOCIACION PROTECTORA DE ANIMALES Y PLANTAS SAN MARTIN DE PORRES,,,APARTADO DE CORREOS 53,28800,,639 10 00 08,apap@apap-alcala.org,VIII,MEDIOAMBIENTE
ASOCIACION UNIVERSITARIA GURUCAN,AUG,,"FACULTAD DE BIOLOGIA EDIFIC DE CIENCIAS CAMPUS UNIV CTRA MADRID BARCELONA KM 33,600",28805,91,889 22 07 ,,VI,MEDIOAMBIENTE
COLECTIVO CICONIA,,,C/ JUAN DE BORGOÑA 6 1º-1º,28805,91,878 81 85,juanprietomartin@yahoo.es,VI,MEDIOAMBIENTE
ECOLOGISTAS EN ACCION ALCALA DE HENARES,,,C/ DAOIZ Y VELARDE 28 2ª PLANTA,28807,91,889 81 98,alcaladehenares@ecologistasenaccion.org,VII,MEDIOAMBIENTE
EL CIRCULO DEL BONSAI,,,JARDIN BOTANICO CAMPUS UNIVERSITARIO,28805,91,881 98 03,jardin.botanico@uah.es,VI,MEDIOAMBIENTE
GLOB NATURE,,,C/ RIBERA 12 1º A,28805,,628 29 82 72,globnature@gmail.com,V,MEDIOAMBIENTE
GRUPO ORNITOLOGICO ALCEDO,,,FACULTAD DE BIOLOGIA CAMPUS UNIVERSITARIO,28805,91,885 40 00,goalcedo@hotmail.com,VI,MEDIOAMBIENTE
GRUPO ORNITOLOGICO DE ALCALA DE HENARES,,,C/ BARTOLOME DE CASTRO 1 POSTERIOR,28802,91,889 44 37,,II,MEDIOAMBIENTE
SOCIEDAD ESPAÑOLA PARA LA CONSERVACION Y EL ESTUDIO DE LOS MURCIELAGOS,SECEMU,,FACULTAD DE BIOLOGIA CAMPUS UNIVERSITARIO,28805,91,885 40 00,secemu@ctv.es,VI,MEDIOAMBIENTE
ASOCIACION DE ANTIGUAS ALUMNAS DE  EMA,,,C/ ARCIPRESTE DE HITA S/N ESC MUNICIPAL PERSONAS ADULTAS,28801,91,882 46 91,ema@ayto-alcaladehenares.es,I,MUJERES
"ASOCIACION DE ANTIGUAS ALUMNAS EPA ""DON JUAN I""",,,C/ DAOIZ Y VELARDE 28 ESCUELA ADULTOS DON JUAN I,28807,91,881 51 56,pumer_pumer@hotmail.com,VII,MUJERES
ASOCIACION DE MUJERES CRIANZA CON APEGO DEL HENARES,,,VIA COMPLUTENSE 130 CENTRO DE FORMACION DE LA MUJER,28805,,630 96 64 72,acah10@gmail.com,VI,MUJERES
ASOCIACION DE MUJERES DE ALCALA,,,PASEO DE LOS PINOS 1 JUNTA MUNICIPAL DISTRITO III,28806,91,881 06 12,chelines@telefonica.net,VIII,MUJERES
ASOCIACION DE MUJERES DEMOCRATAS INDEPENDIENTES COMPLUTENSES,AMDIC,,,,91,888 05 53,n-murillo-2@hotmail.com,,MUJERES
ASOCIACION DE MUJERES DISTRITO IV,,,C/ ENTREPEÑAS 6 2ª PLANTA ,28803,91,882 64 14,,IV,MUJERES
ASOCIACION DE MUJERES EN IGUALDAD,,,C/ RICO HOME 3-5,28801,,686 63 62 34,mdalcala2005@yahoo.es,I,MUJERES
ASOCIACION DE MUJERES INMIGRANTES,,,PASEO DE LOS PINOS 1 JUNTA MUNICIPAL DISTRITO III,28806,,638 05 05 80,,VIII,MUJERES
ASOCIACION DE MUJERES PARA EL 2000,,,VIA COMPLUTENSE 130 CENTRO DE FORMACION DE LA MUJER,28805,91,880 30 48,,VI,MUJERES
ASOCIACION DE MUJERES SEPARADAS Y DIVORCIADAS DE ALCALA,,,C/ RICO HOME 3-5,28801,,686 38 00 90,yosoymamen@yahoo.es,I,MUJERES
ASOCIACION DE MUJERES VIA COMPLUTENSE,,,C/ GIL DE ANDRADE 5,28804,91,881 73 53,,VI,MUJERES
ASOCIACION DE VIUDAS DE ALCALA,,,C/ RICO HOME 3-5,28801,91,820 02 06,,VI,MUJERES
ASOCIACION SOCIOCULTURAL DE LA MUJER,,,APARTADO DE CORREOS 122,28800,91,888 45 52,mtangelespacho@yahoo.es,II,MUJERES
CLUB TAURINO ALCALAINO,,taurina,PASEO DE LA ESTACION 15,28807,91,888 22 75,,VII,PEÑAS
PEÑA ABEJORROS,,festiva,C/ GONDOLA 2 3º B,28801,,607 11 93 28,,I,PEÑAS
PEÑA ALCALAINA DEL REAL MADRID,,futbolística,C/ MAYOR 70,28801,,639 04 22 86,,I,PEÑAS
PEÑA BARCELONISTA ALCALA DE HENARES,,futbolistica,C/ ERA HONDA 2,28803,91,883 72 85,,III,PEÑAS
PEÑA BETICA COMPLUTENSE,,futbolística,C/ NUEVO BAZTAN 5,28806,91,881 35 12,,VIII,PEÑAS
PEÑA BUFONES,,festiva,RONDA FISCAL 42 1º A,28803,,628 66 46 04,,III,PEÑAS
PEÑA CAZO,,festiva,C/ LUIS VIVES 1 8º A,28803,,646 68 43 62,,III,PEÑAS
PEÑA COMPLUTENSE EL QUIJOTE,,festiva,C/ GIL DE HONTAÑON S/N,28805,,639 52 70 39,luegoclementejesus@hotmail.com,VI,PEÑAS
PEÑA DESBARAJUSTE,,festiva,C/ RIO SALADO 4 3º A,28803,,654 52 38 72,,III,PEÑAS
PEÑA DOBLONES,,festiva,C/ JOSE MARIA PEREDA 31 1º A,28806,,678 62 99 21,,VIII,PEÑAS
PEÑA EL MARCADOR DEL VAL,,futbolística,AVDA VIRGEN DEL VAL 35,28804,91,883 54 00,,VI,PEÑAS
PEÑA FARAONES,,festiva,C/ MURANO 3 7º B,28801,,615 84 21 85,,I,PEÑAS
PEÑA GOLPE,,festiva,,,,687 94 89 77,,,PEÑAS
PEÑA GRILLAOS,,festiva,C/ PARQUE 15 3º C,28807,,661 28 93 16,,VII,PEÑAS
PEÑA HORMIGON,,festiva,C/ MARQUES ALONSO MARTINEZ 13 3º C,28805,,655 21 25 95,,V,PEÑAS
PEÑA JARDINEROS,,festiva,,,,626 49 07 72,www.losjardineros.com,,PEÑAS
PEÑA JUGLAR,,festiva,,,,679 98 45 87,www.eljuglar.com,,PEÑAS
PEÑA MADRIDISTA ALCALAINA,,futbolistica,C/ MAYOR 70 BAR NINO,28801,,639 04 22 86,,I,PEÑAS
PEÑA MADRIDISTA RAMON MENDOZA,,futbolistica,C/ TURINA 2 CAFETERIA JAVIS,28806,,661 33 85 26,,VIII,PEÑAS
PEÑA PENDONES,,festiva,,,,635 46 59 66,,,PEÑAS
PEÑA PICHIS,,festiva,C/ DAOIZ Y VELARDE 3,28807,,689 35 15 65,www.a.c.lospichis.es,VII,PEÑAS
PEÑA PITO,,festiva,C/ RONDA FISCAL 42 6º C,28803,,630 60 24 06,elpitoalcala@hotmail.com,III,PEÑAS
PEÑA PRESIDIARIOS,,festiva,C/ CALDERON DE LA BARCA 6 8º B,28805,,635 55 85 30,www.gruagrua.com,V,PEÑAS
PEÑA PUERTA DE ALCALA,,festiva,C/ JUAN DE VERGARA 21 3º B,28802,,625 65 07 37,,II,PEÑAS
PEÑA REYES FAMOSOS,,festiva,C/ GARDENIA S/N,28803,91,888 46 71,,III,PEÑAS
PEÑA TAURINA JESUS ROMERO,,taurina,C/ CORINTO 2,28804,91,883 34 09,,V,PEÑAS
PEÑA TAURINA LUIS MIGUEL ENCABO,,taurina,CAMINO DEL JUNCAL 12,28802,,617 35 23 15,tobus@vodafone.com,II,PEÑAS
PEÑA TAURINA MATIAS TEJELA,,taurina,C/ LEANDRO FERNANDEZ MORATIN 3,28805,91,882 91 72,famerino@nsn.com,VI,PEÑAS
PEÑA TAURINA MEDJURGORJE,,taurina,CLUB SUBOFICIALES MIGUEL DE CERVANTES CARRETERA DE MECO S/N,28805,91,882 67 89,,VI,PEÑAS
PEÑA TAURINA REGINO ORTES,,taurina,C/ GALLEGOS 13 BAR EL TIGRE,28807,91,881 99 01,,VII,PEÑAS
PEÑA TAURINA TERCIO DE QUITES,,taurina,C/ LA LANZA S/N,28805,91,880 33 77,,VI,PEÑAS
PEÑA VIKINGOS,,festiva,APARTADO DE CORREOS 2041,28801,,696 69 17 65,vikingos@vikingos.net,I,PEÑAS
PEÑA WOKY,,festiva,C/ RIO ERESMA 2 2º D,28804,,615 57 76 62,,IV,PEÑAS
PEÑA ZAPATO,,festiva,C/ ANDREA DORIA 8,28804,,,,V,PEÑAS
COMISIONES OBRERAS,CCOO,sindicatos,VIA COMPLUTENSE 19,28807,91,280 06 52,corredorccoo@mi.madritel.es,VII,POLITICAS
IZQUIERDA UNIDA,IU,partidos políticos con representación municipal ,C/ NUEVO BAZTAN 14,28806,91,881 92 19,iualcaladehenares@yahoo.es,VIII,POLITICAS
PARTIDO POPULAR,PP,partidos políticos con representación municipal ,PLAZA DE CERVANTES 29 1º CENTRO,28801,91,889 20 33,partidopopular.alcala@terra.es,I,POLITICAS
PARTIDO SOCIALISTA OBRERO ESPAÑOL,PSOE,partidos políticos con representación municipal ,C/ RIO MIÑO 3 Bº IZQ,28804,91,883 26 66,psoe@socialistasdealcala.org,IV,POLITICAS
UNION GENERAL DE TRABAJADORES,UGT,sindicatos,C/ SIMON GARCIA DE PEDRO 2,28805,91,888 08 18,uceste@madrid.ugt.org,VI,POLITICAS
ACCION CATOLICA GENERAL DE INFANCIA,,,C/ DOCTORA DE ALCALA S/N PARROQUIA SAN ISIDRO,28807,,626 84 09 02,cd_alcala@yahoo.es,VII,RELIGIOSAS
ASOCIACION DE LOS SANTOS NIÑOS JUSTO Y PASTOR,,,C/ EMPECINADO S/N MAGISTRAL,28801,91,888 09 30,,I,RELIGIOSAS
ASOCIACION DIOCESANA DE ALCALA,ADAL,,PLAZA PALACIO S/N,28801,91,882 72 92,infanciajuventud@obispadoalcala.org,I,RELIGIOSAS
ASOCIACION JUVENIL LAS NAVES,,,C/ RIO TAJUÑA 2,28803,91,882 26 44,lasnaves@valdoco.com,III,RELIGIOSAS
ASOCIACION Mª AUXILIADORA,,,C/ CARDENAL CISNEROS 5-7 C JUVENIL CISNEROS,28801,,617 77 81 86,juanmaytoni@salesianosalcala.com,I,RELIGIOSAS
CARITAS DIOCESANA DE ALCALA DE HENARES,,,VIA COMPLUTENSE 8,28802,91,883 20 45,caritasalcala@telefonica.net,I,RELIGIOSAS
CASA DE CULTURA Y SOLIDARIDAD,CYS,,C/ PINTOR PICASSO 14,28807,,676 43 52 77,alcala@solidaridad.net,VII,RELIGIOSAS
CENTRO JUVENIL CISNEROS,,,C/ CARDENAL CISNEROS 5-7,28801,91,888 04 97,cisneros@valdoco.com,I,RELIGIOSAS
CENTRO JUVENIL SAN FRANCISCO,,,AVDA REYES CATOLICOS 26,28802,91,889 06 69,,II,RELIGIOSAS
CENTRO OBRERO CATOLICO,,,C/ NUEVA 6 3º A,28801,,696 58 09 86,,I,RELIGIOSAS
COMUNIDAD BAHA'I DE ALCALA DE HENARES,,,APARTADO DE CORREOS 324,28800,91,881 44 20,isaalche@arrakis.es,V,RELIGIOSAS
EALA ESCUELA DE TIEMPO LIBRE,EALA,,AVDA DE LOS JESUITAS 34,28805,91,889 09 59,eala@navegalia.com,VI,RELIGIOSAS
"FUNDACION BENEFICO SOCIAL ""CRISTO DE LA PAZ""",,,PASEO DE LOS CURAS 26,28803,91,889 38 39,,III,RELIGIOSAS
HERMANDAD DE NUESTRA SEÑORA DEL ROCIO DE ALCALA DE HENARES,,,C/ RIO EBRO 19,28804,91,883 42 48,secretaria@rocio-alcalahenares.com,IV,RELIGIOSAS
ILUSTRE COFRADIA NUESTRA SEÑORA DEL VAL,,,AVDA VIRGEN DEL VAL 69 HERMITA VAL,28804,,677 54 80 63,,V,RELIGIOSAS
JOVENES DE ACCION CATOLICA,JAC,,C/ DOCTORA DE ALCALA S/N PARROQUIA SAN ISIDRO,28807,,696 33 82 83,cd_alcala@yahoo.es,VII,RELIGIOSAS
JUNTA DE COFRADIAS,,,C/ EMPECINADO S/N MAGISTRAL,28801,91,888 07 07,lggutierrez@telefonica.net,I,RELIGIOSAS
LA SAL DE LA TIERRA,,,C/ MEJORADA DEL CAMPO 5,28806,91,883 39 58,lasalmadrid@terra.es,VIII,RELIGIOSAS
MANOS UNIDAS,,,VIA COMPLUTENSE 8,28802,91,883 35 44,alcaladehenares@manosunidas.org,I,RELIGIOSAS
SOLIDARIDAD Y COOPERACION ENTRE ESPAÑA Y AMERICA LATINA,SOCEALA,,C/ RIO TAJUÑA 5 3ºC,28803,91,881 23 39,info@soceala.org,IV,RELIGIOSAS
CLUB DE JUBILADOS Y PENSIONISTAS CAMPO DEL ANGEL,,,C/ FRAY JUAN GIL S/N,28806,91,882 01 21,,VIII,TERCERA EDAD
CLUB DE JUBILADOS Y PENSIONISTAS CERVANTES,,,C/ ZULOAGA S/N,28807,91,883 71 13,,VII,TERCERA EDAD
CLUB DE JUBILADOS Y PENSIONISTAS EL VAL,,,AVDA VIRGEN DEL VAL 21,28804,91,889 61 79,,V,TERCERA EDAD
CLUB DE JUBILADOS Y PENSIONISTAS GIL DE ANDRADE,,,C/ LUIS DE MADRONA S/N,28805,91,883 69 94,,VI,TERCERA EDAD
CLUB DE JUBILADOS Y PENSIONISTAS LOS PINOS,,,PASEO DE LOS PINOS S/N,28806,91,881 72 64,,VIII,TERCERA EDAD
CLUB DE JUBILADOS Y PENSIONISTAS MANUEL AZAÑA,,,PLAZA PABLO IGLESIAS S/N,28803,91,882 32 94,,IV,TERCERA EDAD
CLUB DE JUBILADOS Y PENSIONISTAS MANUEL MERINO,,,C/ MANUEL MERINO 9,28804,91,883 81 48,,,TERCERA EDAD
CLUB DE JUBILADOS Y PENSIONISTAS MARIA ZAMBRANO,,,C/ PEDRO DE LERMA S/N,28802,91,882 61 19,,II,TERCERA EDAD
CLUB DE JUBILADOS Y PENSIONISTAS REYES CATOLICOS,,,C/ GARDENIA S/N,28803,91,888 17 27,,III,TERCERA EDAD
ASOCIACION DE MUJERES VECINALES DEL ESTE,AMVE,,C/ EDUARDO PASCUAL Y CUELLAR 1 OFICINA 1ª IZQ,28806,,,MUJER-VECINAL@terra.es,VIII,VECINOS
ASOCIACION DE VECINOS CAMPO DEL ANGEL CHORILLO,,,C/ EDUARDO PASCUAL Y CUELLAR 1,28806,91,880 61 55,,VIII,VECINOS
ASOCIACION DE VECINOS CERVANTES,,,C/ DIEGO LOPEZ DE ZUÑIGA 26 LOCAL,28802,91,882 88 21,,II,VECINOS
ASOCIACION DE VECINOS CISNEROS - DISTRITO III,,,C/ SAN VIDAL 33,28803,91,888 15 01,,III,VECINOS
ASOCIACION DE VECINOS COMPLUTENSE,,,C/ GIL DE ANDRADE 5,28804,91,889 35 13,,VI,VECINOS
ASOCIACION DE VECINOS EL ENSANCHE,,,C/ OCTAVIO PAZ 23 LOCAL 2,28806,91,830 38 29,asociacion@ensanche.net,IX,VECINOS
ASOCIACION DE VECINOS EL VAL,,,AVDA DE CASTILLA 2,28804,,,,V,VECINOS
ASOCIACION DE VECINOS ESPARTALES SUR,,,C/ JACINTO VERDAGUER S/N,28806,91,830 12 61,espartales@espartales.org,VIII,VECINOS
ASOCIACION DE VECINOS LA GARENA,,,C/ LEONARDO TORRES QUEVEDO 68,28806,,669 21 80 81,jaillana1@hotmail.com,VIII,VECINOS
ASOCIACION DE VECINOS SAN ISIDRO,,,C/ DAOIZ Y VELARDE 28 1ª PLANTA,28807,91,881 95 59,,VII,VECINOS
ASOCIACION DE VECINOS TOMAS DE VILLANUEVA,,,C/ OCTAVIO PAZ 15,28806,91,830 55 78,,IX,VECINOS
FEDERACION COMARCAL DE ASOCIACIONES DE VECINOS DE ALCALA DE HENARES,,,C/ EDUARDO PASCUAL Y CUELLAR 1,28806,91,880 61 55,FCAVAH@terra.es,VIII,VECINOS
